source,target,weight,label
n715,n782,0.85,knows
n564,n592,0.36,follows
n503,n483,0.23,follows
n365,n409,0.07,knows
n559,n474,0.02,knows
n194,n112,0.36,follows
n155,n201,0.23,follows
n303,n395,0.88,knows
n182,n111,0.85,knows
n708,n784,0.01,follows
n192,n234,0.92,knows
n268,n305,0.8,follows
n303,n320,0.74,knows
n354,n473,0.31,knows
n182,n145,0.03,follows
n903,n940,0.56,follows
n307,n336,0.07,follows
n136,n41,0.86,follows
n134,n183,0.16,knows
n264,n289,0.48,knows
n919,n861,0.54,follows
n105,n92,0,follows
n758,n707,0.69,knows
n958,n950,0.44,knows
n180,n166,0.01,follows
n449,n436,0.35,follows
n92,n0,0.62,follows
n869,n898,0.13,knows
n616,n628,0.24,knows
n616,n638,0.63,knows
n342,n236,0.11,follows
n164,n234,0.3,follows
n573,n536,0.29,follows
n6,n0,0.55,follows
n498,n474,0.34,knows
n950,n948,0.05,follows
n943,n961,0.24,follows
n78,n41,0.82,knows
n559,n624,0.47,follows
n659,n686,0.22,follows
n823,n859,0.59,knows
n894,n904,0.14,follows
n156,n182,0.37,follows
n200,n177,0.96,knows
n786,n883,0.2,knows
n590,n544,0.2,follows
n630,n629,0.59,follows
n973,n978,0.1,follows
n45,n27,0.69,knows
n357,n316,0.31,follows
n889,n879,0.02,knows
n912,n739,0.21,knows
n175,n192,0.3,follows
n758,n695,0.32,follows
n881,n940,0.37,knows
n349,n269,0.37,follows
n676,n756,0.81,knows
n252,n235,0.64,knows
n85,n0,0.33,follows
n102,n118,0.46,follows
n782,n940,0.62,follows
n874,n348,0.13,knows
n859,n1026,0.87,knows
n442,n300,0.96,follows
n801,n740,0.26,follows
n162,n131,0.76,follows
n819,n835,0.59,follows
n904,n863,0.93,knows
n418,n377,0.88,follows
n118,n116,0.62,knows
n959,n973,0.55,follows
n736,n695,0.88,knows
n811,n779,0.52,follows
n871,n797,0.17,follows
n890,n846,0.99,follows
n81,n103,0.62,follows
n228,n234,0.96,follows
n939,n940,0.46,follows
n638,n694,0.54,follows
n360,n357,0.07,follows
n319,n298,0.02,knows
n197,n234,0.82,follows
n690,n634,0.98,follows
n736,n864,0.82,knows
n149,n175,0.89,follows
n5,n166,0.53,knows
n87,n154,0.64,follows
n67,n47,0.54,follows
n399,n405,0.48,follows
n907,n796,0.7,follows
n389,n319,0.13,knows
n831,n744,0.5,knows
n195,n216,0.74,knows
n835,n879,0.35,follows
n241,n276,0.72,knows
n694,n625,0.72,knows
n710,n725,0.74,knows
n513,n637,0.74,knows
n871,n906,0.18,knows
n143,n979,0.36,knows
n508,n527,0.48,follows
n526,n522,0.12,follows
n153,n183,0.96,follows
n826,n846,0.85,knows
n939,n909,0.4,knows
n223,n234,0.09,follows
n202,n152,0.68,follows
n188,n201,0.28,follows
n241,n251,0.8,knows
n608,n663,0.11,knows
n545,n620,0.29,follows
n857,n823,0,knows
n463,n469,0.47,follows
n15,n46,0.7,follows
n985,n756,0.15,knows
n800,n695,0.68,follows
n793,n695,0.44,follows
n577,n594,0.85,follows
n269,n275,0.04,follows
n84,n71,0.23,follows
n619,n850,0.52,knows
n663,n694,0.12,follows
n614,n592,0.23,knows
n532,n561,0.56,knows
n988,n71,0.11,knows
n326,n452,0.6,knows
n185,n104,0.9,follows
n331,n272,0.36,follows
n678,n694,0.38,knows
n190,n39,0.47,knows
n320,n409,0.93,knows
n957,n975,0.31,knows
n60,n9,0.77,knows
n88,n129,0.2,knows
n951,n971,0.85,follows
n874,n878,0.84,follows
n398,n321,0.58,knows
n372,n473,0.57,follows
n520,n536,0.47,knows
n438,n473,0.1,knows
n813,n774,0.08,knows
n609,n656,0.26,follows
n127,n129,0.75,follows
n183,n139,0.82,knows
n88,n127,0.57,follows
n307,n365,0.71,follows
n336,n235,0.44,knows
n640,n738,0.14,knows
n657,n694,0.02,knows
n308,n402,0.42,knows
n689,n694,0.99,follows
n572,n550,0.73,follows
n343,n425,0.96,follows
n336,n272,0.15,follows
n498,n310,0.72,follows
n502,n524,0.41,knows
n307,n415,0.83,follows
n838,n880,0.82,knows
n765,n695,0.15,knows
n987,n965,0.01,follows
n457,n393,0.61,follows
n448,n396,0.43,follows
n11,n0,0.31,knows
n247,n277,0.71,knows
n258,n235,0.48,knows
n413,n332,0.95,follows
n516,n519,0.61,knows
n526,n559,0.34,knows
n29,n0,0.81,follows
n156,n179,0.55,knows
n423,n384,0.18,knows
n896,n940,0.94,follows
n936,n940,0.78,follows
n163,n171,0.1,follows
n682,n679,0.1,follows
n319,n235,0.93,knows
n711,n725,0.14,follows
n559,n549,0.91,knows
n873,n844,0.59,knows
n710,n695,0.1,knows
n467,n374,0.42,follows
n687,n685,0.71,follows
n22,n0,0.47,knows
n389,n370,0.92,follows
n751,n695,0.74,knows
n776,n784,0.7,knows
n600,n500,0.37,knows
n709,n820,0.65,knows
n213,n146,0.83,knows
n817,n878,0.11,follows
n990,n995,0.25,follows
n759,n763,0.89,knows
n499,n474,0.55,knows
n174,n81,0.77,follows
n12,n8,0.78,knows
n722,n752,0.22,follows
n348,n384,0.29,knows
n360,n410,0.17,knows
n0,n39,0.32,follows
n985,n1040,0.87,knows
n889,n869,0.01,follows
n932,n770,0.59,knows
n672,n671,0.92,follows
n634,n652,0.19,knows
n791,n744,0.4,follows
n747,n744,0.57,follows
n1,n0,0.27,follows
n778,n1017,0.84,follows
n275,n299,0.27,follows
n118,n5,0.97,knows
n676,n694,0.09,follows
n647,n547,0.95,knows
n917,n810,0.37,follows
n887,n835,0.99,knows
n874,n855,0.12,knows
n43,n64,0.68,follows
n506,n490,0.02,follows
n311,n989,0.94,knows
n362,n417,0.43,follows
n283,n257,0.85,knows
n296,n349,0.86,knows
n256,n342,0.71,follows
n469,n432,0.48,follows
n687,n666,0.6,knows
n620,n630,0.31,follows
n978,n1008,0.67,follows
n159,n111,0.26,follows
n372,n473,0.39,follows
n787,n764,0.07,knows
n155,n194,0.1,knows
n661,n694,0.25,follows
n954,n986,0.79,knows
n301,n249,0.92,follows
n197,n234,0.01,follows
n107,n38,0.92,knows
n840,n779,0.34,follows
n931,n940,0.01,knows
n327,n402,0.62,knows
n769,n695,0.06,knows
n966,n1005,0.44,knows
n457,n471,0.09,knows
n885,n939,0.35,knows
n848,n864,0.8,knows
n363,n388,0.79,follows
n985,n1007,0.82,knows
n915,n940,0.48,knows
n886,n518,0.29,knows
n934,n881,0.64,follows
n364,n278,0.03,knows
n902,n920,0.72,knows
n236,n358,0.04,follows
n715,n789,0.3,follows
n814,n769,0.25,knows
n342,n334,0.65,follows
n794,n811,0.53,follows
n567,n541,0.96,knows
n991,n996,0.99,follows
n938,n845,0.54,follows
n818,n833,0.33,knows
n467,n465,0.49,knows
n830,n829,0.48,knows
n990,n1040,0.78,follows
n141,n105,0.2,knows
n542,n532,0.39,knows
n540,n607,0.17,knows
n60,n962,0.25,knows
n720,n1019,0.65,knows
n881,n940,0.92,follows
n324,n265,0.04,follows
n699,n695,1,knows
n405,n403,0.45,knows
n790,n781,0.79,knows
n903,n940,0.84,knows
n901,n910,0.37,follows
n165,n191,0.95,follows
n880,n863,0.54,knows
n198,n124,0.92,knows
n732,n879,0.76,follows
n255,n12,0.23,knows
n240,n235,0.03,follows
n341,n466,0.12,knows
n410,n473,0.46,follows
n340,n30,0.53,follows
n251,n349,0.83,knows
n79,n47,0.53,follows
n570,n500,0.81,follows
n564,n540,0.5,follows
n946,n764,0.49,follows
n493,n503,0.64,knows
n877,n695,0.06,follows
n809,n917,0.34,knows
n599,n668,0.33,knows
n662,n694,0.72,follows
n256,n74,0.41,follows
n301,n365,0.04,follows
n773,n799,0.62,knows
n474,n552,0.69,follows
n281,n345,0.86,follows
n47,n0,0.36,follows
n476,n542,0.15,knows
n76,n137,0.71,follows
n200,n234,0.2,knows
n167,n199,0.77,knows
n595,n485,0.26,knows
n703,n695,0.7,follows
n634,n683,0.02,knows
n730,n728,0.28,knows
n386,n439,0.08,follows
n673,n694,0.81,knows
n462,n404,0.48,follows
n228,n159,0.11,follows
n599,n633,0.37,knows
n51,n115,0.16,follows
n166,n201,0.29,knows
n779,n882,0.49,knows
n363,n175,0.95,follows
n713,n777,0.1,follows
n707,n695,0.3,knows
n679,n929,0.84,follows
n362,n460,0.17,knows
n670,n674,0.65,follows
n314,n315,0.7,follows
n436,n402,0.82,knows
n966,n1019,0.41,follows
n322,n247,0.96,follows
n750,n695,0.84,follows
n926,n940,0.35,knows
n647,n637,0.68,knows
n371,n473,0.58,knows
n954,n941,0.87,follows
n782,n773,0.78,follows
n706,n695,0.73,knows
n573,n577,0.74,knows
n702,n695,0.8,knows
n10,n71,0.52,knows
n522,n550,0.77,knows
n49,n120,0.12,knows
n460,n473,0.18,follows
n218,n234,0.94,follows
n337,n668,0.83,knows
n437,n398,0.49,follows
n830,n840,0.65,follows
n527,n645,0.27,follows
n456,n416,0.75,knows
n975,n996,0.56,knows
n672,n694,0.96,knows
n570,n558,0.51,follows
n451,n423,0.72,follows
n300,n649,0.04,follows
n959,n941,0.03,follows
n804,n842,0.63,knows
n58,n28,0.47,follows
n948,n978,0.06,follows
n402,n354,0.51,follows
n667,n614,0.22,follows
n166,n115,0.81,follows
n725,n712,0.48,knows
n301,n384,0.45,knows
n316,n310,0.49,knows
n186,n191,0.33,knows
n464,n473,0.4,follows
n33,n0,0.24,knows
n701,n778,0.28,knows
n450,n473,0.9,follows
n730,n925,0.21,follows
n745,n749,0.94,follows
n548,n417,0.91,knows
n494,n493,0.48,knows
n899,n958,0.33,knows
n588,n812,0.9,follows
n40,n100,0.75,follows
n378,n393,0.68,follows
n865,n734,0.9,knows
n560,n616,0.79,knows
n481,n489,0.39,knows
n478,n871,0.72,knows
n205,n234,0.37,knows
n780,n698,0.19,knows
n242,n235,0.12,follows
n207,n118,0.16,knows
n141,n230,0.12,knows
n818,n881,0.83,knows
n340,n372,0.28,follows
n285,n335,0.38,knows
n839,n912,0.95,follows
n957,n990,0.19,knows
n490,n474,0.49,knows
n28,n47,0.03,knows
n907,n841,0.93,knows
n253,n235,0.4,knows
n553,n609,0.45,knows
n946,n941,0.24,knows
n298,n315,0.41,knows
n832,n669,0.23,knows
n500,n518,0.73,knows
n354,n443,0.59,knows
n532,n618,0.95,follows
n817,n800,0.43,follows
n381,n411,0.21,follows
n567,n474,0.56,follows
n490,n558,0.9,knows
n910,n842,0.33,knows
n327,n235,0.43,follows
n118,n82,0.14,knows
n215,n159,0.73,knows
n197,n234,0.09,follows
n106,n34,0.92,follows
n850,n353,0.36,knows
n223,n175,0.66,follows
n700,n695,0.19,knows
n436,n473,0.33,follows
n338,n449,0.11,follows
n472,n468,0.63,knows
n851,n940,0.44,knows
n269,n327,0.7,follows
n484,n576,0.25,knows
n583,n474,0.47,follows
n852,n940,0.33,follows
n334,n79,0.35,knows
n861,n886,0.73,follows
n711,n967,0.48,knows
n186,n72,0.82,knows
n167,n170,0.94,follows
n681,n694,0.38,knows
n994,n1006,0.9,knows
n654,n625,0.6,knows
n197,n234,0.09,knows
n700,n776,0.26,knows
n10,n143,0.48,knows
n892,n780,0.71,knows
n905,n859,0.29,knows
n648,n694,0.72,follows
n722,n759,0.1,follows
n715,n696,0.33,follows
n590,n544,0.51,knows
n750,n695,0.87,knows
n118,n113,0.92,knows
n239,n235,0,follows
n884,n881,0.83,knows
n51,n182,0.01,follows
n493,n758,0.82,follows
n456,n413,0.07,knows
n68,n79,0.69,follows
n232,n147,0.1,follows
n196,n164,0.62,follows
n488,n523,0.84,knows
n418,n333,0.62,follows
n883,n95,0.19,knows
n879,n853,0.04,knows
n355,n402,0.42,knows
n619,n628,0.86,knows
n8,n65,0.43,follows
n64,n23,0.77,knows
n765,n763,0.51,follows
n929,n940,0.14,follows
n185,n463,0.49,follows
n682,n694,0.64,knows
n286,n393,0.48,follows
n421,n343,0.12,knows
n492,n511,0.5,knows
n999,n988,0.49,knows
n915,n866,0.71,follows
n583,n511,0.72,follows
n24,n36,0.73,knows
n871,n768,0.47,follows
n521,n574,0.55,knows
n465,n443,0.01,follows
n906,n940,0.41,follows
n505,n603,0.4,knows
n100,n55,0.73,follows
n433,n473,0.52,follows
n684,n694,0.7,follows
n31,n706,0.47,follows
n61,n29,0.13,follows
n245,n257,0.05,follows
n813,n914,0.51,knows
n241,n321,0.04,follows
n773,n752,0.58,follows
n612,n603,0.97,knows
n777,n828,0.66,follows
n324,n992,0.2,knows
n876,n792,0.65,follows
n564,n556,0.01,knows
n891,n879,0.47,follows
n950,n942,0.77,knows
n703,n773,0.05,knows
n192,n133,0,follows
n993,n1000,0.93,knows
n358,n433,0.35,knows
n527,n624,0.83,knows
n113,n42,0.31,knows
n736,n695,0.63,knows
n875,n920,0.43,follows
n801,n763,0.1,follows
n642,n608,0,knows
n787,n788,0.76,knows
n873,n901,0.76,knows
n106,n234,0.94,follows
n925,n940,0.45,follows
n97,n10,0.43,knows
n296,n575,0.06,follows
n212,n152,0.49,knows
n104,n945,0.16,follows
n838,n921,0.83,follows
n731,n860,0.63,follows
n672,n351,0.52,follows
n890,n882,0.38,follows
n367,n370,0.68,follows
n408,n435,0.63,knows
n851,n862,0.48,knows
n550,n688,0.56,follows
n824,n810,0.89,knows
n900,n940,0.16,knows
n311,n308,0.7,knows
n109,n144,0.4,knows
n678,n603,0.15,follows
n820,n755,0.36,follows
n901,n940,0.77,knows
n58,n162,0.6,follows
n563,n545,0.46,follows
n301,n347,0.29,knows
n581,n921,0.72,follows
n652,n562,0.88,follows
n47,n56,0.62,follows
n728,n801,0.5,knows
n810,n874,0.28,knows
n413,n357,0.54,knows
n548,n481,0.02,knows
n203,n103,0.36,follows
n133,n156,0.15,knows
n936,n940,0.46,follows
n565,n527,0.02,knows
n702,n750,0.48,follows
n872,n805,0.42,follows
n203,n108,0.26,follows
n234,n235,0.6,knows
n591,n640,0.34,follows
n191,n128,0.4,knows
n568,n747,0.43,follows
n761,n695,0.37,knows
n977,n999,0.78,knows
n44,n63,0.47,follows
n78,n118,0.18,knows
n648,n694,0.87,knows
n433,n435,0.1,follows
n852,n804,0.66,follows
n863,n565,0.95,follows
n133,n150,0.52,knows
n883,n1037,0.54,follows
n285,n235,0.88,knows
n983,n957,0.53,knows
n308,n235,0.19,follows
n805,n797,0.38,knows
n983,n986,0.92,follows
n594,n580,0.78,follows
n451,n369,0.85,follows
n888,n815,0.91,follows
n695,n696,0.37,follows
n303,n235,0.99,follows
n412,n562,0.74,follows
n997,n986,0.27,knows
n837,n825,0.46,knows
n321,n424,0.15,follows
n907,n911,0.96,follows
n194,n234,0.61,follows
n922,n850,0.23,knows
n641,n628,0.79,follows
n87,n0,0.49,knows
n518,n474,0.9,knows
n370,n346,0.84,knows
n605,n604,0.92,knows
n458,n440,0.24,follows
n532,n474,0.21,knows
n130,n20,0.58,knows
n778,n779,0.17,knows
n917,n891,0.35,follows
n702,n695,0.75,follows
n776,n695,0.9,knows
n918,n940,0.16,knows
n948,n941,0.92,follows
n441,n473,0.12,follows
n546,n541,0.38,knows
n802,n814,0.76,knows
n870,n85,0.14,knows
n354,n294,0.54,knows
n573,n545,0.34,follows
n647,n670,0.19,knows
n451,n473,0.1,knows
n677,n694,0.36,knows
n741,n745,0.27,follows
n299,n253,0.65,follows
n420,n434,0.15,knows
n73,n365,0.59,follows
n924,n908,0.61,knows
n309,n238,0.4,knows
n777,n858,0.64,follows
n143,n111,0.36,knows
n136,n24,0.64,knows
n703,n695,0.54,knows
n947,n941,0.66,knows
n199,n72,0.92,knows
n777,n891,0.03,follows
n516,n595,0.47,follows
n304,n253,0.34,follows
n363,n336,0.58,knows
n638,n694,0.08,knows
n639,n613,0.98,follows
n840,n940,0.39,follows
n280,n62,0.99,follows
n706,n813,0.8,follows
n504,n542,0.77,follows
n311,n61,0.57,knows
n136,n19,0.7,knows
n179,n43,0.01,knows
n939,n920,0.7,knows
n594,n694,0.35,knows
n591,n477,0.56,knows
n759,n483,0.01,knows
n741,n793,0.81,follows
n665,n696,0.24,follows
n840,n796,0.92,follows
n820,n867,0.02,knows
n456,n473,0.84,follows
n284,n304,0.42,follows
n362,n391,0.12,knows
n533,n486,0.52,follows
n751,n695,0.09,follows
n43,n50,0.43,knows
n849,n745,0.25,knows
n428,n378,0.87,follows
n798,n724,0.3,knows
n313,n321,0.1,knows
n60,n9,0.02,knows
n93,n955,0.16,follows
n686,n694,0.41,follows
n273,n235,0.5,follows
n449,n473,0.03,knows
n885,n940,0.15,follows
n811,n785,0.62,knows
n457,n413,0.49,follows
n649,n655,0.51,knows
n965,n941,0.37,knows
n394,n931,0.06,knows
n541,n487,0.39,knows
n511,n474,0.99,follows
n829,n750,0.74,knows
n496,n553,0.32,knows
n505,n474,0.02,follows
n714,n695,0.17,knows
n138,n127,0.03,follows
n966,n941,0.79,follows
n643,n632,0.66,follows
n559,n556,0.71,follows
n764,n771,0.24,follows
n169,n220,0.6,follows
n902,n892,0.78,follows
n263,n235,0.74,follows
n724,n729,0.93,knows
n258,n316,0.99,knows
n740,n695,0.84,knows
n611,n648,0.37,knows
n959,n823,0.32,knows
n23,n7,0.59,knows
n999,n980,0.33,follows
n463,n473,0.84,follows
n376,n418,0,knows
n193,n234,0.41,knows
n110,n0,0.86,follows
n311,n309,0.25,knows
n268,n278,0.84,knows
n378,n396,0.18,follows
n188,n174,0.08,follows
n914,n564,0.03,follows
n697,n695,0.72,follows
n710,n695,0.53,follows
n833,n865,0.94,follows
n476,n538,0.43,knows
n806,n826,0.73,follows
n81,n47,0.18,follows
n14,n18,0.77,follows
n611,n539,0.01,follows
n405,n401,0.9,knows
n705,n747,0.94,follows
n49,n42,0.83,follows
n777,n792,0.05,knows
n241,n236,0.15,follows
n450,n473,0.71,knows
n769,n747,0.27,follows
n687,n611,1,follows
n542,n491,0.97,knows
n871,n788,0.64,knows
n157,n166,0.37,follows
n676,n622,0.27,knows
n157,n12,0.13,follows
n8,n53,0.64,follows
n290,n280,0.81,follows
n797,n829,0.77,knows
n291,n283,0.5,knows
n107,n59,0.58,knows
n832,n820,0.46,follows
n606,n694,0.34,knows
n742,n734,0.8,knows
n779,n610,0.12,follows
n621,n511,0.41,follows
n349,n271,0.59,follows
n65,n121,0.86,knows
n152,n234,0.11,knows
n444,n473,0.23,follows
n742,n805,0.53,follows
n427,n381,0.4,knows
n504,n526,0.02,follows
n868,n923,0.24,follows
n87,n186,0.43,follows
n52,n12,0.2,knows
n496,n542,0.2,knows
n300,n293,0.49,follows
n184,n180,0.94,knows
n20,n101,0.44,follows
n867,n751,0.21,knows
n785,n877,0.29,knows
n507,n515,0.68,knows
n821,n915,0.91,knows
n42,n63,0.81,follows
n185,n34,0.29,knows
n616,n589,0.14,follows
n105,n179,0.45,follows
n493,n474,0.99,follows
n819,n892,0.12,knows
n602,n460,0.07,knows
n801,n695,0.51,knows
n467,n453,0.89,knows
n1,n0,0.62,knows
n812,n695,0.04,knows
n493,n474,0.31,follows
n310,n566,0.3,knows
n230,n234,0.38,follows
n470,n428,0.86,knows
n694,n585,0.96,knows
n721,n741,0.75,follows
n997,n990,0.09,knows
n93,n92,0.53,follows
n590,n603,0.37,knows
n218,n213,0.19,follows
n170,n165,0.6,follows
n378,n457,0.21,follows
n781,n777,0.88,follows
n313,n266,0.06,knows
n60,n23,0.22,knows
n280,n391,0.17,knows
n800,n695,0.02,follows
n57,n105,0.59,knows
n810,n765,0.12,follows
n755,n695,0.54,knows
n836,n918,0.13,follows
n19,n418,0.31,knows
n362,n420,0.55,knows
n58,n82,0.51,follows
n23,n0,0.81,knows
n749,n971,0.13,knows
n15,n49,0.42,knows
n130,n118,0.26,follows
n87,n6,0.9,follows
n332,n344,0.97,knows
n11,n0,0.96,knows
n474,n475,0.01,knows
n550,n620,0.13,follows
n44,n0,0.66,follows
n823,n854,0.44,follows
n872,n809,0.52,knows
n848,n1013,0.31,follows
n775,n695,0.21,knows
n173,n188,0.02,knows
n22,n53,0.56,knows
n359,n235,0.47,knows
n871,n810,0.87,knows
n650,n239,0.95,knows
n780,n776,0.24,knows
n18,n0,0.52,follows
n68,n805,0.74,knows
n690,n694,0.82,knows
n472,n473,0.6,knows
n849,n793,0.65,follows
n718,n695,0.14,knows
n413,n352,0.07,follows
n682,n675,0.73,knows
n40,n0,0.07,follows
n323,n333,0.99,follows
n404,n640,0.69,knows
n963,n949,0.11,knows
n77,n125,0.85,follows
n379,n271,0.6,follows
n607,n645,0.52,follows
n232,n226,0.34,follows
n128,n140,0.97,follows
n955,n983,0.2,follows
n163,n132,0.4,knows
n606,n488,0.4,knows
n593,n579,0.08,follows
n714,n919,0.39,knows
n413,n258,0.77,knows
n867,n819,0.99,knows
n563,n645,0.83,follows
n299,n319,0.9,knows
n783,n1035,0.05,knows
n272,n351,0.88,follows
n440,n473,0.58,follows
n29,n68,0.51,follows
n596,n670,0.15,follows
n159,n162,0.56,knows
n433,n423,0.09,knows
n848,n829,0.16,follows
n346,n319,0.98,follows
n8,n45,0.57,knows
n501,n544,0.23,knows
n651,n580,0.74,follows
n707,n695,0.79,knows
n646,n569,0.64,follows
n44,n43,0.83,follows
n24,n95,0.69,follows
n986,n983,0.17,knows
n861,n762,0.39,follows
n138,n233,0.2,knows
n453,n473,0.69,follows
n906,n865,0.28,follows
n470,n378,0.37,knows
n659,n654,0.81,knows
n944,n941,0.08,knows
n987,n983,0.24,knows
n729,n693,0.67,follows
n372,n473,0.93,follows
n612,n579,0.55,follows
n79,n111,0.77,knows
n235,n236,1,knows
n743,n695,0.38,follows
n95,n225,0.07,follows
n873,n996,0.96,knows
n360,n383,0.64,follows
n540,n563,0.31,follows
n787,n890,0.22,knows
n95,n168,0.44,follows
n80,n138,0.23,follows
n539,n606,0.28,follows
n760,n713,0.88,knows
n239,n527,0.58,follows
n971,n989,0.19,knows
n350,n262,0.95,follows
n740,n695,0.7,follows
n284,n269,0.8,knows
n455,n441,0.32,follows
n33,n26,0.22,follows
n45,n43,0.73,follows
n670,n378,0.69,knows
n88,n0,0.51,knows
n389,n421,0.94,follows
n206,n966,0.13,follows
n894,n824,0.1,follows
n841,n798,0.69,follows
n487,n524,0.76,follows
n516,n474,0.63,knows
n431,n405,0.76,knows
n295,n316,0.71,knows
n191,n130,0.1,follows
n193,n234,0.54,knows
n452,n473,0.62,knows
n227,n53,0.21,knows
n475,n474,0.6,knows
n310,n303,0.56,follows
n892,n940,0.07,knows
n380,n282,0.68,knows
n772,n779,0.24,knows
n166,n207,0.24,knows
n299,n473,0.63,knows
n778,n715,0.4,follows
n500,n474,0.92,follows
n154,n230,0.84,follows
n108,n159,0.99,knows
n670,n653,0.56,follows
n211,n115,0.82,knows
n82,n0,0,knows
n614,n668,0.63,knows
n529,n567,0.09,knows
n229,n125,0.84,knows
n286,n383,0.67,knows
n128,n100,0.8,follows
n404,n383,0.96,follows
n858,n874,0.15,knows
n530,n620,0.89,knows
n229,n234,0.21,follows
n310,n235,0.59,follows
n543,n539,0.59,knows
n313,n274,0.1,follows
n124,n92,0.09,knows
n424,n414,0.32,follows
n907,n869,0.48,follows
n763,n720,0.35,follows
n542,n562,0.45,follows
n934,n927,0.51,follows
n169,n48,0.04,follows
n158,n136,0.53,knows
n97,n146,0.79,knows
n850,n846,0.12,follows
n160,n217,0.58,knows
n61,n0,0.34,knows
n632,n647,0.4,knows
n51,n0,0.12,follows
n41,n0,0.62,follows
n317,n235,0.84,follows
n305,n390,0.67,follows
n624,n596,0.45,knows
n713,n755,0.35,follows
n917,n940,0.11,knows
n543,n497,0.56,follows
n410,n388,0.55,follows
n574,n554,0.23,follows
n528,n474,0.86,follows
n733,n708,0.03,follows
n378,n404,0.65,follows
n668,n694,0.36,follows
n306,n235,0.97,follows
n827,n886,0.3,knows
n295,n340,0.25,follows
n216,n142,0.26,knows
n633,n694,0.53,knows
n835,n776,0.03,knows
n437,n423,0.23,knows
n520,n898,0.75,follows
n864,n850,0.33,follows
n796,n1017,0.6,knows
n73,n27,0.79,knows
n864,n860,0.83,follows
n934,n940,0.81,knows
n762,n765,0.41,follows
n350,n235,0.25,knows
n794,n779,0.87,follows
n915,n858,0.91,knows
n676,n286,0,knows
n97,n158,0.68,follows
n618,n660,0.1,follows
n419,n473,0.73,follows
n585,n526,0.32,follows
n716,n1022,0.75,follows
n632,n553,0.54,knows
n128,n195,0.5,follows
n222,n234,0.08,knows
n596,n668,0.21,follows
n805,n838,0.84,follows
n263,n284,0.66,knows
n841,n757,0.46,follows
n462,n394,0.37,knows
n261,n235,0.51,follows
n343,n441,0.19,follows
n481,n478,0.91,follows
n456,n394,0.79,follows
n411,n413,0.71,follows
n468,n473,0.97,knows
n304,n566,0.53,knows
n888,n73,0.85,follows
n990,n224,0.96,follows
n903,n940,0.88,knows
n905,n940,0.63,knows
n30,n45,0.4,knows
n475,n547,0.27,knows
n608,n675,0.61,knows
n768,n765,0.25,follows
n132,n172,0.56,knows
n484,n622,0.9,follows
n100,n99,0.99,follows
n977,n981,0.5,knows
n895,n892,0.96,follows
n50,n0,0.69,knows
n390,n473,0.8,follows
n728,n829,0.59,follows
n987,n976,0.82,knows
n771,n695,0.59,knows
n922,n940,0.08,knows
n216,n88,0.11,follows
n699,n707,0.62,knows
n860,n813,0.97,follows
n530,n475,0.7,knows
n762,n715,0.19,knows
n423,n341,0.14,follows
n600,n653,0.91,follows
n616,n537,0.34,knows
n338,n349,0.62,follows
n628,n612,0.55,knows
n857,n731,0.27,follows
n867,n811,0.37,follows
n616,n599,0.69,follows
n299,n114,0.19,follows
n107,n97,0.73,follows
n814,n847,0.38,knows
n140,n57,0.86,knows
n803,n838,0.24,knows
n40,n0,0.06,knows
n939,n871,0.65,knows
n10,n97,0.68,follows
n835,n715,0.15,follows
n861,n735,0.62,follows
n189,n191,0.37,knows
n366,n383,0.82,knows
n998,n963,0.23,knows
n620,n570,0.63,knows
n921,n940,0.78,knows
n102,n81,0.37,knows
n354,n359,0.14,knows
n23,n163,0.84,knows
n646,n662,0.95,knows
n743,n906,0.68,follows
n524,n647,0.54,knows
n159,n160,0.6,knows
n36,n0,0.83,follows
n965,n909,0.03,knows
n817,n844,0.69,follows
n991,n1040,0.35,knows
n39,n100,0.88,follows
n608,n623,0.28,knows
n629,n423,0.11,knows
n107,n111,0.02,follows
n314,n278,0.77,follows
n136,n147,0.32,knows
n372,n434,0.75,follows
n13,n0,0.33,follows
n91,n71,0.16,follows
n483,n500,0.73,follows
n85,n151,0.26,knows
n925,n940,0.95,knows
n309,n376,0.81,follows
n646,n474,0.88,follows
n519,n292,0.78,follows
n908,n805,0.7,follows
n905,n940,0.09,knows
n711,n705,0.34,follows
n890,n810,0.1,follows
n142,n387,0.35,follows
n185,n88,0.04,knows
n604,n560,0.83,knows
n621,n597,0.55,knows
n535,n618,0.7,follows
n173,n116,0.73,knows
n200,n234,0.3,follows
n168,n152,0.69,knows
n280,n235,0.18,follows
n438,n473,0.08,follows
n192,n212,0.75,knows
n911,n940,0.44,follows
n575,n355,0.62,knows
n867,n856,0.77,knows
n482,n474,0.67,follows
n106,n0,0.26,knows
n838,n840,0.43,follows
n25,n24,0.91,follows
n471,n473,0.38,follows
n667,n694,0.83,knows
n765,n756,0.99,knows
n204,n128,0.31,follows
n523,n511,0.85,follows
n940,n941,0.31,knows
n984,n973,0.1,follows
n872,n981,0.93,follows
n353,n336,0.9,follows
n829,n828,0.18,follows
n506,n515,0.41,knows
n550,n599,0.14,knows
n846,n919,0.65,follows
n927,n695,0.04,knows
n81,n83,0.63,follows
n316,n362,0.8,knows
n523,n635,0.33,knows
n616,n603,0.94,knows
n941,n984,0.68,knows
n800,n832,0.98,knows
n68,n134,0.49,follows
n437,n414,0.96,follows
n9,n26,0.69,knows
n917,n935,0.43,follows
n63,n183,0.74,follows
n595,n657,0.38,knows
n959,n941,0.35,knows
n244,n252,0.85,knows
n862,n747,0.62,follows
n428,n396,0.74,follows
n454,n422,0.6,knows
n511,n483,0.84,follows
n358,n459,0.58,follows
n632,n675,0.86,knows
n386,n360,0.28,knows
n739,n851,0.64,follows
n805,n853,0.58,knows
n978,n961,0.22,knows
n321,n299,0.61,knows
n607,n694,0.02,follows
n384,n406,0.91,knows
n102,n0,0.45,follows
n199,n86,0.61,follows
n799,n747,0.98,knows
n334,n280,0.5,knows
n602,n694,0.58,knows
n210,n154,0.29,knows
n330,n396,0.72,knows
n998,n1037,0.78,follows
n788,n782,0.35,knows
n433,n465,0.53,knows
n929,n889,0.69,knows
n201,n38,0.53,follows
n249,n373,0.96,follows
n909,n940,0.26,follows
n595,n584,0.91,follows
n263,n275,0.35,follows
n896,n885,0.22,knows
n725,n941,0.8,knows
n568,n822,0.53,follows
n647,n588,0.43,knows
n375,n293,0.08,follows
n892,n940,0.71,knows
n686,n694,0.94,follows
n911,n898,0.49,follows
n927,n868,0.95,knows
n151,n234,0.84,knows
n200,n567,0.96,follows
n266,n235,0.41,follows
n739,n817,0.98,knows
n532,n26,0.88,knows
n561,n654,0.52,knows
n709,n803,0.59,knows
n45,n18,0.62,knows
n655,n590,0.14,knows
n393,n341,0.07,knows
n406,n473,0.52,follows
n610,n568,0.74,follows
n859,n789,0.81,knows
n335,n350,0.88,follows
n498,n492,0.71,follows
n198,n234,0.88,knows
n242,n379,0.62,knows
n595,n607,0.2,follows
n218,n234,0.87,follows
n69,n137,0.05,knows
n976,n977,0.63,follows
n715,n737,0.12,follows
n995,n1007,0.5,follows
n505,n492,0.47,knows
n319,n286,0.68,follows
n488,n474,0.9,follows
n580,n626,0.74,follows
n727,n788,0.46,follows
n148,n119,0.41,follows
n262,n235,0.28,knows
n317,n349,0.97,knows
n746,n783,0.62,knows
n983,n999,0.14,knows
n361,n272,0.52,follows
n140,n213,0.02,follows
n497,n474,0.45,follows
n575,n493,0.9,follows
n659,n694,0.73,follows
n208,n82,0.71,follows
n539,n662,0.91,follows
n99,n0,0.05,follows
n488,n474,0.54,knows
n152,n44,0.27,follows
n217,n231,0.13,follows
n607,n474,0.58,follows
n646,n496,0.14,knows
n686,n693,0.78,follows
n156,n234,0.28,knows
n205,n211,0.36,knows
n819,n804,0.03,knows
n633,n474,0.35,knows
n221,n140,0.31,follows
n351,n318,0.02,follows
n152,n119,0.1,follows
n541,n487,0.97,knows
n293,n357,0.98,knows
n445,n386,0.27,knows
n505,n532,0.95,follows
n948,n989,0.51,knows
n408,n339,0.48,knows
n914,n857,0.6,follows
n393,n465,0.86,knows
n807,n828,0.37,knows
n926,n839,0.34,knows
n448,n660,0.57,follows
n974,n962,0.56,follows
n879,n520,0.63,knows
n898,n940,0.44,follows
n601,n672,0.87,knows
n501,n474,0.9,follows
n973,n946,0.36,knows
n157,n230,0.43,follows
n439,n473,0.43,follows
n501,n590,0.91,knows
n6,n0,0.58,follows
n69,n0,0.78,follows
n92,n154,0.21,knows
n286,n439,0.05,follows
n680,n592,0.16,knows
n351,n413,0.43,knows
n528,n584,0.85,follows
n175,n234,0.3,follows
n601,n630,0.35,knows
n165,n234,0.39,follows
n769,n812,0.98,knows
n635,n623,0.18,knows
n323,n389,0.93,follows
n108,n0,0.97,knows
n330,n324,0.32,knows
n520,n546,0.48,follows
n670,n680,0.19,follows
n768,n925,0.89,knows
n464,n473,0.96,knows
n953,n969,0.26,knows
n634,n629,0.58,follows
n264,n282,0.34,knows
n982,n960,0.69,follows
n92,n106,0.9,knows
n777,n890,0.12,knows
n56,n991,0.51,knows
n120,n56,0.16,knows
n298,n372,0.31,follows
n919,n864,0.62,knows
n812,n821,0.72,follows
n694,n611,0.46,knows
n8,n0,0.54,knows
n627,n578,0.76,knows
n395,n473,0.52,follows
n893,n933,0.16,knows
n247,n248,0.16,knows
n701,n695,0.28,knows
n158,n124,0.99,follows
n180,n130,0.91,follows
n619,n613,0.74,follows
n1,n0,0.57,knows
n344,n269,0.73,follows
n535,n537,0.29,follows
n949,n200,0.51,follows
n827,n871,0.65,knows
n348,n371,0.41,follows
n202,n181,0.67,follows
n208,n234,0.55,follows
n26,n25,0.32,knows
n903,n897,0.6,follows
n156,n110,0.26,follows
n170,n174,0.38,follows
n646,n694,0.99,knows
n369,n296,0.1,knows
n107,n113,0.81,follows
n259,n232,0.93,knows
n273,n235,0.6,knows
n113,n540,0.97,knows
n519,n738,0.93,follows
n12,n0,0.69,knows
n58,n56,0.72,follows
n524,n733,0.15,knows
n944,n987,0.24,follows
n534,n485,0.05,follows
n285,n244,0.99,knows
n236,n235,0.09,knows
n54,n0,0.98,knows
n98,n56,0.97,follows
n553,n667,0.77,follows
n485,n501,0.1,knows
n139,n103,0.99,knows
n454,n473,0.27,knows
n385,n362,0.04,knows
n154,n230,0.62,knows
n585,n522,0.98,knows
n268,n235,0.93,knows
n335,n337,0.85,knows
n493,n518,0.6,knows
n338,n355,0.26,follows
n922,n976,0.04,follows
n592,n633,0.08,follows
n480,n957,0.99,follows
n46,n0,0.23,follows
n623,n694,0.74,knows
n95,n104,0.9,follows
n693,n679,0.41,knows
n584,n607,0.74,knows
n483,n474,0.87,knows
n369,n370,0.27,follows
n819,n822,0.42,follows
n130,n234,0.75,follows
n250,n262,0.94,follows
n639,n616,0.01,knows
n840,n940,0.47,knows
n201,n194,0.33,follows
n262,n235,0.82,follows
n377,n316,0.58,follows
n14,n258,0.33,knows
n817,n699,0.61,follows
n492,n558,0.86,follows
n585,n639,0.8,follows
n432,n469,0.1,knows
n174,n38,0.01,knows
n450,n412,0.56,knows
n920,n870,0.49,knows
n301,n273,0.23,follows
n663,n624,0.34,follows
n559,n590,0.71,knows
n340,n259,0.81,follows
n397,n355,0.12,follows
n725,n735,0.1,follows
n454,n440,0.23,knows
n823,n695,0.16,follows
n89,n151,0.87,knows
n234,n235,0.1,follows
n371,n417,0.54,follows
n493,n478,0.36,knows
n371,n240,0.54,follows
n568,n552,0.63,follows
n944,n961,0.68,knows
n918,n141,0.07,knows
n628,n627,0.88,follows
n948,n993,0.92,follows
n805,n866,0.59,follows
n427,n683,0.62,knows
n404,n317,0.54,follows
n5,n0,0.57,knows
n201,n799,0.1,knows
n710,n794,0.08,follows
n449,n411,0.86,follows
n533,n490,0.71,knows
n29,n1040,0.8,knows
n661,n528,0.26,knows
n736,n830,0.85,knows
n63,n0,0.54,follows
n8,n56,0.51,knows
n682,n694,0.14,follows
n456,n473,0.02,knows
n429,n326,0.41,follows
n151,n215,0.16,knows
n350,n286,0.16,follows
n957,n960,0.65,follows
n443,n464,0.1,knows
n0,n9,0.49,knows
n675,n694,0.46,knows
n572,n532,0.76,knows
n524,n474,0.2,knows
n788,n820,0.58,follows
n300,n350,0.35,knows
n996,n1026,0.06,follows
n164,n168,0.36,follows
n852,n914,0.91,knows
n722,n711,0.96,knows
n713,n738,0.24,knows
n366,n353,0.25,knows
n611,n593,0.54,knows
n992,n1019,0.19,follows
n235,n236,0.97,knows
n561,n908,0.94,follows
n205,n234,0.38,knows
n261,n309,0.07,knows
n634,n577,0.56,follows
n518,n579,0.31,knows
n944,n961,0.36,follows
n192,n1025,0.81,follows
n754,n732,0.17,knows
n281,n235,0.18,knows
n87,n365,0.44,knows
n133,n172,0.23,follows
n497,n474,0.71,follows
n323,n235,0.12,follows
n709,n752,0.8,knows
n327,n317,0.78,knows
n734,n835,0.62,knows
n713,n695,0.09,follows
n68,n164,0.75,knows
n752,n764,0.87,follows
n679,n694,0.91,knows
n940,n941,0.09,follows
n292,n268,0.67,follows
n122,n112,0.44,knows
n428,n292,0.49,follows
n160,n231,0.17,knows
n505,n474,0.39,follows
n522,n502,0.87,follows
n234,n235,0.87,follows
n705,n695,0.35,follows
n153,n18,0.6,knows
n602,n618,0.46,knows
n498,n570,0.28,knows
n153,n219,0.32,follows
n22,n992,0.2,follows
n86,n122,0.84,knows
n13,n289,0.74,knows
n811,n744,0.12,knows
n608,n649,0.99,follows
n556,n474,0.03,follows
n956,n967,0.38,follows
n566,n518,0.82,follows
n131,n0,0.51,knows
n666,n578,0.58,follows
n898,n767,0.62,knows
n630,n634,0.48,follows
n543,n553,0.11,follows
n99,n80,0.45,knows
n703,n695,0.54,knows
n651,n601,0.01,follows
n558,n552,0.57,follows
n345,n410,0.87,knows
n706,n695,0.56,follows
n682,n649,0.89,knows
n595,n653,0.85,follows
n379,n159,0.97,knows
n260,n306,0.83,knows
n475,n474,0.05,follows
n338,n311,0.94,knows
n563,n491,0.11,follows
n474,n475,0.18,knows
n677,n694,0.25,knows
n467,n473,0.31,follows
n930,n940,0.48,knows
n575,n650,0.22,knows
n452,n573,0.06,follows
n60,n14,0.66,knows
n935,n940,0.01,follows
n890,n940,0.55,knows
n836,n863,0.11,knows
n804,n864,0.12,knows
n792,n695,0.01,knows
n619,n933,0.31,knows
n205,n163,0.29,knows
n723,n789,0.76,follows
n846,n940,0.4,follows
n5,n126,0.41,knows
n645,n542,0.96,knows
n177,n150,0.15,knows
n662,n694,0.81,follows
n174,n162,0.94,follows
n560,n677,0.15,knows
n699,n695,0.84,knows
n965,n941,0.89,knows
n241,n235,0.68,follows
n484,n560,0.24,follows
n108,n184,0.09,follows
n996,n987,0.86,knows
n557,n656,0.41,knows
n522,n570,0.45,knows
n546,n532,0.32,knows
n815,n751,0.65,knows
n308,n398,0.08,knows
n998,n1034,0.74,follows
n256,n292,0.13,follows
n388,n383,0.97,knows
n964,n611,0.17,follows
n764,n881,0.93,follows
n166,n199,0.47,follows
n436,n967,0.5,knows
n637,n786,0.29,knows
n326,n360,0.81,follows
n57,n51,0.48,knows
n195,n155,0.34,knows
n477,n506,0.47,follows
n982,n932,0.57,knows
n340,n423,0.74,knows
n225,n234,0.6,knows
n914,n940,0.44,follows
n579,n586,0.83,knows
n642,n694,0.75,knows
n58,n28,0.76,knows
n223,n126,0.93,follows
n521,n550,0.8,follows
n437,n385,0.41,follows
n641,n694,0.67,follows
n733,n996,0.33,knows
n590,n631,0.07,knows
n621,n499,0.77,knows
n938,n853,0.53,follows
n585,n474,0.76,follows
n860,n893,0.15,knows
n676,n679,0.76,knows
n471,n391,0.08,follows
n430,n473,0.91,follows
n13,n0,0.24,follows
n969,n1015,0.97,knows
n599,n491,0.43,knows
n818,n797,0.49,knows
n672,n636,0.07,follows
n791,n694,0.3,follows
n797,n720,0.95,knows
n106,n36,0.65,follows
n855,n787,0.3,knows
n535,n541,0.26,follows
n469,n396,0.44,knows
n2,n12,0,follows
n313,n458,0.17,knows
n864,n931,0.13,follows
n784,n911,0.94,follows
n858,n801,0.14,follows
n863,n940,0.93,follows
n724,n695,0.22,knows
n254,n235,0.97,knows
n541,n606,0.59,knows
n875,n807,0.53,knows
n893,n828,0.62,follows
n856,n801,0.34,follows
n338,n397,0.27,knows
n878,n742,0.95,follows
n235,n258,0.88,knows
n979,n974,0.76,knows
