id,label,community:string,age:number,active:boolean,joined:date,tags:string[]
n0,Alice,Tech_0,43,true,2002-10-20,designer|advisor
n1,Bob,Tech_0,48,true,2001-03-10,board|designer
n2,Carol,Tech_0,39,true,2007-03-05,board
n3,Dave,Tech_0,68,true,2011-12-12,board|engineer|founder
n4,Eve,Tech_0,48,true,2005-01-01,board|board|board
n5,Frank,Tech_0,22,true,2022-02-02,advisor|alumnus
n6,Grace,Tech_0,33,true,2004-10-19,designer|board
n7,Heidi,Tech_0,47,false,2009-08-23,founder|founder|founder
n8,Alice,Tech_0,69,false,2000-04-19,board
n9,Bob,Tech_0,36,false,2021-11-17,advisor
n10,Carol,Tech_0,37,true,2003-02-09,engineer
n11,Dave,Tech_0,27,true,2024-12-03,advisor|board|founder
n12,Eve,Tech_0,29,true,2011-11-12,founder|advisor
n13,Frank,Tech_0,50,true,2021-01-05,founder|board|founder
n14,Grace,Tech_0,34,false,2022-12-16,founder|alumnus
n15,Heidi,Tech_0,42,true,2015-02-07,board
n16,Alice,Tech_0,58,true,2019-11-03,engineer|designer|designer
n17,Bob,Tech_0,34,false,2010-11-07,engineer|board|advisor
n18,Carol,Tech_0,43,true,2003-07-15,advisor|engineer|founder
n19,Dave,Tech_0,70,true,2024-08-02,designer|engineer
n20,Eve,Tech_0,38,false,2005-06-09,advisor|board
n21,Frank,Tech_0,67,true,2014-04-11,founder|engineer|engineer
n22,Grace,Tech_0,40,false,2014-12-07,engineer|alumnus|engineer
n23,Heidi,Tech_0,35,true,2002-10-06,advisor
n24,Alice,Tech_0,18,true,2019-09-18,board
n25,Bob,Tech_0,52,true,2021-04-21,engineer|engineer
n26,Carol,Tech_0,20,true,2018-02-06,board
n27,Dave,Tech_0,60,false,2002-10-16,alumnus|alumnus|alumnus
n28,Eve,Tech_0,51,true,2007-09-08,alumnus|alumnus|engineer
n29,Frank,Tech_0,42,false,2019-04-18,founder|board
n30,Grace,Tech_0,40,true,2003-08-08,founder
n31,Heidi,Tech_0,54,true,2010-09-19,founder
n32,Alice,Tech_0,49,true,2003-08-21,engineer|alumnus
n33,Bob,Tech_0,32,true,2022-10-13,designer|advisor|board
n34,Carol,Tech_0,19,false,2018-04-15,alumnus
n35,Dave,Tech_0,54,false,2008-03-15,board
n36,Eve,Tech_0,48,true,2010-10-16,alumnus
n37,Frank,Tech_0,51,false,2023-02-04,designer|designer
n38,Grace,Tech_0,49,true,2015-08-25,board|designer|engineer
n39,Heidi,Tech_0,74,false,2009-11-22,advisor|engineer|board
n40,Alice,Tech_0,51,false,2009-04-17,alumnus|board
n41,Bob,Tech_0,68,true,2003-01-25,engineer|engineer
n42,Carol,Tech_0,19,true,2016-01-13,alumnus|engineer|advisor
n43,Dave,Tech_0,70,true,2007-10-18,advisor|engineer
n44,Eve,Tech_0,46,true,2024-12-11,founder|advisor
n45,Frank,Tech_0,75,true,2003-04-14,engineer
n46,Grace,Tech_0,62,true,2008-10-03,engineer|founder
n47,Heidi,Tech_0,34,true,2011-11-15,alumnus|alumnus|alumnus
n48,Alice,Tech_0,39,false,2013-03-27,engineer
n49,Bob,Tech_0,45,true,2020-03-17,board
n50,Carol,Tech_0,43,true,2020-01-28,board
n51,Dave,Tech_0,19,true,2015-11-08,founder|engineer
n52,Eve,Tech_0,74,true,2000-09-02,alumnus
n53,Frank,Tech_0,19,true,2013-06-19,designer|board
n54,Grace,Tech_0,62,true,2016-08-19,engineer|alumnus|alumnus
n55,Heidi,Tech_0,24,false,2023-08-23,alumnus
n56,Alice,Tech_0,75,true,2010-10-19,board|founder|alumnus
n57,Bob,Tech_0,73,true,2012-10-24,board
n58,Carol,Tech_0,74,false,2001-09-06,engineer|founder|designer
n59,Dave,Tech_0,64,true,2009-02-02,board|alumnus|founder
n60,Eve,Tech_0,18,false,2004-03-12,advisor
n61,Frank,Tech_0,64,true,2018-09-12,advisor
n62,Grace,Tech_0,33,true,2010-06-22,engineer|alumnus|board
n63,Heidi,Tech_0,26,true,2020-10-15,founder|advisor
n64,Alice,Tech_0,77,true,2009-08-23,board|alumnus
n65,Bob,Tech_0,38,true,2017-12-13,alumnus|founder|designer
n66,Carol,Tech_0,28,true,2013-05-01,alumnus|advisor|advisor
n67,Dave,Tech_0,77,true,2020-11-22,designer
n68,Eve,Tech_0,61,true,2003-09-22,engineer|advisor|board
n69,Frank,Tech_0,22,true,2008-09-08,designer|alumnus|advisor
n70,Grace,Tech_0,76,false,2004-04-22,alumnus|founder
n71,Heidi,Tech_0,71,true,2021-10-19,alumnus
n72,Alice,Tech_0,73,true,2017-06-14,designer|engineer
n73,Bob,Tech_0,75,true,2010-09-01,engineer|advisor
n74,Carol,Tech_0,21,true,2009-04-11,board|alumnus|founder
n75,Dave,Tech_0,42,true,2006-09-05,alumnus|engineer
n76,Eve,Tech_0,68,true,2003-10-17,founder|engineer|alumnus
n77,Frank,Tech_0,63,true,2018-08-17,board|advisor
n78,Grace,Tech_0,45,true,2023-10-10,designer|advisor
n79,Heidi,Tech_0,39,true,2019-09-24,founder|founder
n80,Alice,Tech_0,66,true,2004-04-17,alumnus
n81,Bob,Tech_0,72,true,2009-05-17,designer|advisor|board
n82,Carol,Tech_0,63,true,2011-04-26,designer|alumnus
n83,Dave,Tech_0,50,true,2016-09-25,founder|advisor
n84,Eve,Tech_0,54,true,2008-07-05,founder|designer
n85,Frank,Tech_0,37,false,2019-09-27,engineer|advisor
n86,Grace,Tech_0,26,true,2005-08-02,alumnus|engineer
n87,Heidi,Tech_0,68,true,2001-11-15,founder|advisor|advisor
n88,Alice,Tech_0,62,false,2010-02-28,board|alumnus|alumnus
n89,Bob,Tech_0,51,true,2005-08-05,engineer
n90,Carol,Tech_0,55,false,2019-12-28,engineer
n91,Dave,Tech_0,58,false,2006-02-12,advisor
n92,Eve,Tech_0,31,true,2004-09-05,designer|advisor
n93,Frank,Tech_0,43,false,2020-10-04,advisor|founder|engineer
n94,Grace,Tech_0,56,true,2012-06-11,designer
n95,Heidi,Tech_0,60,true,2012-08-04,founder
n96,Alice,Tech_0,62,true,2023-04-26,alumnus
n97,Bob,Tech_0,20,false,2012-02-03,engineer
n98,Carol,Tech_0,42,true,2010-06-20,designer|board|board
n99,Dave,Tech_0,76,true,2004-11-23,founder|board
n100,Eve,Tech_0,73,true,2001-10-07,advisor|advisor
n101,Frank,Tech_0,49,true,2009-12-18,alumnus|founder|advisor
n102,Grace,Tech_0,54,true,2011-11-22,designer|engineer|designer
n103,Heidi,Tech_0,32,true,2019-11-11,alumnus|engineer|founder
n104,Alice,Tech_0,46,true,2001-05-17,designer|engineer|designer
n105,Bob,Tech_0,77,true,2004-10-14,advisor|alumnus|advisor
n106,Carol,Tech_0,18,false,2007-01-18,alumnus|engineer
n107,Dave,Tech_0,56,true,2013-06-13,advisor
n108,Eve,Tech_0,35,true,2018-02-28,board|board|founder
n109,Frank,Tech_0,66,true,2019-11-27,advisor|advisor|engineer
n110,Grace,Tech_0,73,true,2002-08-17,designer
n111,Heidi,Tech_0,39,false,2023-08-27,advisor|designer
n112,Alice,Tech_0,63,false,2021-07-10,advisor|founder|engineer
n113,Bob,Tech_0,56,true,2001-03-03,advisor|alumnus
n114,Carol,Tech_0,18,true,2005-08-07,founder|engineer
n115,Dave,Tech_0,24,true,2009-04-12,alumnus
n116,Eve,Tech_0,41,true,2001-11-11,advisor
n117,Frank,Tech_0,50,true,2015-07-12,advisor|designer|advisor
n118,Grace,Tech_0,33,true,2021-11-15,alumnus|founder|alumnus
n119,Heidi,Tech_0,74,true,2020-11-01,engineer|alumnus|board
n120,Alice,Tech_0,30,true,2020-04-04,board|advisor
n121,Bob,Tech_0,38,true,2023-05-16,designer|board|engineer
n122,Carol,Tech_0,26,true,2024-01-03,advisor|designer
n123,Dave,Tech_0,42,false,2008-08-10,advisor|founder
n124,Eve,Tech_0,38,true,2019-11-21,engineer
n125,Frank,Tech_0,19,false,2014-05-26,alumnus|alumnus
n126,Grace,Tech_0,57,true,2000-02-21,board
n127,Heidi,Tech_0,21,true,2000-09-28,advisor|engineer|advisor
n128,Alice,Tech_0,37,true,2018-09-04,alumnus|advisor
n129,Bob,Tech_0,26,false,2006-08-22,advisor
n130,Carol,Tech_0,28,true,2003-11-24,founder|designer|advisor
n131,Dave,Tech_0,73,false,2006-07-22,board|advisor|engineer
n132,Eve,Tech_0,63,true,2000-11-22,board|alumnus
n133,Frank,Tech_0,49,false,2016-09-12,founder|board|engineer
n134,Grace,Tech_0,67,false,2001-07-20,founder|advisor|designer
n135,Heidi,Tech_0,66,false,2003-01-11,engineer|founder|founder
n136,Alice,Tech_0,69,false,2021-12-27,designer
n137,Bob,Tech_0,31,true,2000-03-23,founder|alumnus|advisor
n138,Carol,Tech_0,20,true,2007-12-17,advisor
n139,Dave,Tech_0,38,false,2006-05-19,board|designer|alumnus
n140,Eve,Tech_0,54,true,2016-02-26,engineer|founder|advisor
n141,Frank,Tech_0,36,true,2010-03-02,founder|advisor|designer
n142,Grace,Tech_0,57,true,2024-11-22,founder
n143,Heidi,Tech_0,51,false,2022-04-12,board|founder
n144,Alice,Tech_0,26,false,2011-09-01,engineer|alumnus|founder
n145,Bob,Tech_0,44,false,2023-01-25,alumnus|designer|designer
n146,Carol,Tech_0,63,true,2009-11-16,board|advisor|founder
n147,Dave,Tech_0,51,true,2000-07-25,founder|board|founder
n148,Eve,Tech_0,53,false,2019-12-10,advisor
n149,Frank,Tech_0,72,true,2014-06-27,founder
n150,Grace,Tech_0,25,false,2017-01-07,engineer|designer
n151,Heidi,Tech_0,18,false,2004-07-19,advisor|board|advisor
n152,Alice,Tech_0,31,false,2008-05-06,board|engineer|board
n153,Bob,Tech_0,48,true,2024-09-13,board
n154,Carol,Tech_0,38,true,2004-08-16,board|designer
n155,Dave,Tech_0,74,true,2010-05-15,founder|advisor|founder
n156,Eve,Tech_0,64,true,2014-05-06,board
n157,Frank,Tech_0,73,false,2000-08-06,advisor|engineer|advisor
n158,Grace,Tech_0,71,false,2012-11-09,founder|designer
n159,Heidi,Tech_0,22,false,2015-05-15,engineer|designer|engineer
n160,Alice,Tech_0,55,true,2023-10-25,founder
n161,Bob,Tech_0,61,true,2009-06-26,board|alumnus
n162,Carol,Tech_0,75,false,2021-08-12,board|alumnus
n163,Dave,Tech_0,26,false,2022-01-18,engineer|advisor|designer
n164,Eve,Tech_0,67,true,2014-07-22,founder|board|alumnus
n165,Frank,Tech_0,57,false,2013-08-13,advisor|founder|board
n166,Grace,Tech_0,44,true,2022-06-11,board
n167,Heidi,Tech_0,59,false,2012-09-14,board|board
n168,Alice,Tech_0,26,true,2003-01-01,founder
n169,Bob,Tech_0,25,false,2005-12-23,designer
n170,Carol,Tech_0,50,true,2005-03-24,advisor|founder
n171,Dave,Tech_0,40,false,2016-10-16,advisor|engineer
n172,Eve,Tech_0,61,true,2010-02-19,founder|alumnus
n173,Frank,Tech_0,29,true,2001-10-27,engineer|engineer
n174,Grace,Tech_0,67,false,2000-12-23,alumnus|founder|engineer
n175,Heidi,Tech_0,63,true,2000-11-06,alumnus
n176,Alice,Tech_0,70,true,2017-10-03,designer|engineer|engineer
n177,Bob,Tech_0,51,true,2019-10-01,board
n178,Carol,Tech_0,25,true,2024-05-01,engineer|alumnus
n179,Dave,Tech_0,20,false,2003-01-05,advisor|advisor|designer
n180,Eve,Tech_0,57,true,2024-12-22,founder
n181,Frank,Tech_0,69,false,2009-08-09,alumnus|board
n182,Grace,Tech_0,24,true,2001-07-05,designer|alumnus
n183,Heidi,Tech_0,64,false,2011-05-01,engineer|engineer|founder
n184,Alice,Tech_0,44,true,2023-11-03,designer|advisor
n185,Bob,Tech_0,26,true,2018-09-24,founder|advisor|founder
n186,Carol,Tech_0,21,false,2003-09-23,alumnus|founder
n187,Dave,Tech_0,26,true,2009-03-06,alumnus|engineer
n188,Eve,Tech_0,64,true,2004-06-02,alumnus|engineer|advisor
n189,Frank,Tech_0,60,true,2001-07-12,alumnus|designer
n190,Grace,Tech_0,62,true,2005-06-18,designer|designer|advisor
n191,Heidi,Tech_0,34,true,2007-10-20,alumnus|founder
n192,Alice,Tech_0,27,true,2019-05-11,alumnus
n193,Bob,Tech_0,22,false,2015-01-03,designer|advisor|founder
n194,Carol,Tech_0,74,false,2020-09-17,board|founder|engineer
n195,Dave,Tech_0,75,true,2023-05-02,advisor|engineer
n196,Eve,Tech_0,55,false,2014-02-28,alumnus|advisor
n197,Frank,Tech_0,20,true,2011-06-26,designer|engineer|alumnus
n198,Grace,Tech_0,60,true,2008-07-24,advisor
n199,Heidi,Tech_0,25,false,2002-08-15,alumnus|engineer|engineer
n200,Alice,Tech_0,70,false,2021-01-02,designer|engineer
n201,Bob,Tech_0,74,false,2024-07-13,board|founder
n202,Carol,Tech_0,42,true,2009-03-03,alumnus
n203,Dave,Tech_0,28,true,2020-12-04,engineer
n204,Eve,Tech_0,60,true,2020-06-28,board
n205,Frank,Tech_0,32,true,2024-05-19,designer|alumnus|engineer
n206,Grace,Tech_0,36,false,2009-11-12,engineer|alumnus
n207,Heidi,Tech_0,67,true,2020-01-08,engineer|founder|engineer
n208,Alice,Tech_0,62,true,2006-12-26,board|advisor
n209,Bob,Tech_0,47,true,2000-05-26,designer|alumnus|engineer
n210,Carol,Tech_0,52,true,2012-12-20,board|alumnus|founder
n211,Dave,Tech_0,61,true,2003-09-26,founder|designer
n212,Eve,Tech_0,60,true,2010-10-08,alumnus|board|engineer
n213,Frank,Tech_0,42,true,2007-06-03,designer|engineer
n214,Grace,Tech_0,26,true,2022-05-05,alumnus
n215,Heidi,Tech_0,47,true,2011-11-07,designer|alumnus
n216,Alice,Tech_0,19,true,2012-04-12,founder
n217,Bob,Tech_0,58,true,2018-03-15,engineer|founder
n218,Carol,Tech_0,20,true,2006-05-07,engineer
n219,Dave,Tech_0,58,true,2003-06-05,engineer|board|engineer
n220,Eve,Tech_0,33,true,2014-06-20,engineer
n221,Frank,Tech_0,47,true,2015-11-07,advisor
n222,Grace,Tech_0,58,false,2017-04-27,advisor|founder
n223,Heidi,Tech_0,51,true,2014-01-24,board
n224,Alice,Tech_0,39,false,2007-01-08,designer|founder
n225,Bob,Tech_0,48,false,2015-08-20,alumnus|founder|board
n226,Carol,Tech_0,24,true,2012-09-14,alumnus|designer
n227,Dave,Tech_0,53,true,2005-01-20,designer
n228,Eve,Tech_0,56,false,2007-03-01,designer|alumnus|designer
n229,Frank,Tech_0,36,false,2008-01-11,advisor|advisor
n230,Grace,Tech_0,48,true,2011-02-26,alumnus|founder
n231,Heidi,Tech_0,34,false,2020-09-26,advisor|designer|designer
n232,Alice,Tech_0,51,true,2012-02-16,engineer|founder|board
n233,Bob,Tech_0,40,true,2016-03-01,advisor|engineer
n234,Carol,Tech_0,39,false,2017-04-07,board
n235,Dave,Finance_1,29,true,2008-03-28,designer|alumnus
n236,Eve,Finance_1,38,false,2011-07-14,founder|designer|advisor
n237,Frank,Finance_1,21,true,2007-06-26,board|alumnus
n238,Grace,Finance_1,57,true,2016-09-12,alumnus|advisor
n239,Heidi,Finance_1,24,false,2011-10-20,alumnus|board|advisor
n240,Alice,Finance_1,18,true,2003-11-06,designer|engineer
n241,Bob,Finance_1,63,true,2011-12-13,founder|advisor
n242,Carol,Finance_1,37,true,2022-03-05,advisor|founder
n243,Dave,Finance_1,27,true,2024-09-19,designer|alumnus|alumnus
n244,Eve,Finance_1,51,true,2016-08-14,founder|designer
n245,Frank,Finance_1,76,false,2008-08-01,alumnus|engineer|designer
n246,Grace,Finance_1,58,true,2014-10-18,board|board
n247,Heidi,Finance_1,42,false,2022-12-26,advisor
n248,Alice,Finance_1,32,true,2006-01-09,engineer|advisor|board
n249,Bob,Finance_1,43,false,2006-11-12,board
n250,Carol,Finance_1,30,false,2022-11-28,designer
n251,Dave,Finance_1,32,true,2010-10-02,board|engineer
n252,Eve,Finance_1,50,false,2011-10-27,alumnus|engineer|board
n253,Frank,Finance_1,60,true,2022-05-13,board|board
n254,Grace,Finance_1,33,false,2021-08-03,board|founder|engineer
n255,Heidi,Finance_1,38,false,2006-04-27,advisor|board
n256,Alice,Finance_1,56,true,2008-07-02,engineer|founder
n257,Bob,Finance_1,25,true,2001-03-24,alumnus|founder
n258,Carol,Finance_1,37,false,2017-11-24,engineer|designer
n259,Dave,Finance_1,47,false,2003-02-20,board|designer|advisor
n260,Eve,Finance_1,77,true,2024-10-23,founder|alumnus|alumnus
n261,Frank,Finance_1,29,true,2008-05-16,board|board|engineer
n262,Grace,Finance_1,54,true,2020-12-05,designer|advisor|founder
n263,Heidi,Finance_1,40,true,2018-11-04,designer|designer
n264,Alice,Finance_1,68,true,2010-02-27,advisor
n265,Bob,Finance_1,56,true,2019-09-02,engineer|advisor
n266,Carol,Finance_1,26,true,2021-02-17,advisor|designer
n267,Dave,Finance_1,30,false,2004-08-08,alumnus|board|alumnus
n268,Eve,Finance_1,61,true,2024-11-11,engineer
n269,Frank,Finance_1,61,true,2016-11-19,founder
n270,Grace,Finance_1,43,false,2010-06-17,advisor
n271,Heidi,Finance_1,55,true,2002-02-04,board|alumnus|founder
n272,Alice,Finance_1,61,false,2021-12-19,founder|designer
n273,Bob,Finance_1,37,true,2015-01-22,founder|advisor|alumnus
n274,Carol,Finance_1,70,false,2002-03-21,designer|designer|designer
n275,Dave,Finance_1,32,true,2024-04-01,advisor|alumnus|alumnus
n276,Eve,Finance_1,30,false,2008-01-13,advisor|founder|founder
n277,Frank,Finance_1,57,false,2000-12-21,designer|designer|founder
n278,Grace,Finance_1,43,true,2013-06-23,advisor
n279,Heidi,Finance_1,38,true,2019-05-04,engineer|engineer
n280,Alice,Finance_1,58,false,2010-01-23,engineer|engineer|founder
n281,Bob,Finance_1,36,true,2011-11-06,advisor|advisor|designer
n282,Carol,Finance_1,66,true,2024-05-10,alumnus|designer|founder
n283,Dave,Finance_1,48,true,2011-02-24,engineer|alumnus|founder
n284,Eve,Finance_1,46,true,2021-04-10,alumnus|founder|advisor
n285,Frank,Finance_1,26,true,2024-04-10,board|advisor|engineer
n286,Grace,Finance_1,19,true,2006-12-08,designer|engineer
n287,Heidi,Finance_1,73,true,2022-11-25,founder
n288,Alice,Finance_1,74,true,2021-01-17,advisor|engineer
n289,Bob,Finance_1,29,true,2010-05-28,designer
n290,Carol,Finance_1,19,true,2004-05-02,board|founder
n291,Dave,Finance_1,54,false,2014-04-14,founder|engineer
n292,Eve,Finance_1,38,true,2013-02-01,alumnus|founder
n293,Frank,Finance_1,49,true,2003-04-13,designer
n294,Grace,Finance_1,55,false,2009-03-21,advisor|founder|board
n295,Heidi,Finance_1,56,true,2023-11-20,founder
n296,Alice,Finance_1,36,true,2009-05-17,alumnus|advisor|advisor
n297,Bob,Finance_1,29,false,2002-08-28,designer|advisor|engineer
n298,Carol,Finance_1,36,true,2007-10-19,designer|board|designer
n299,Dave,Finance_1,46,true,2000-10-10,founder|board|engineer
n300,Eve,Finance_1,37,true,2010-05-28,founder
n301,Frank,Finance_1,57,false,2011-05-23,alumnus|engineer|board
n302,Grace,Finance_1,34,true,2003-01-09,alumnus|board
n303,Heidi,Finance_1,46,true,2021-03-15,founder
n304,Alice,Finance_1,44,true,2008-05-12,board|board|engineer
n305,Bob,Finance_1,42,true,2014-05-13,engineer|board
n306,Carol,Finance_1,56,true,2013-10-06,advisor|alumnus|board
n307,Dave,Finance_1,19,false,2020-07-13,alumnus|advisor
n308,Eve,Finance_1,57,true,2016-02-10,founder
n309,Frank,Finance_1,50,false,2000-10-03,alumnus|board|advisor
n310,Grace,Finance_1,48,false,2011-07-05,designer
n311,Heidi,Finance_1,28,true,2019-11-04,board|advisor|engineer
n312,Alice,Finance_1,19,true,2000-06-17,board
n313,Bob,Finance_1,48,false,2012-02-15,alumnus|board|designer
n314,Carol,Finance_1,36,true,2000-07-09,board|designer|engineer
n315,Dave,Finance_1,69,true,2024-07-28,designer
n316,Eve,Finance_1,76,false,2019-11-13,advisor
n317,Frank,Finance_1,36,true,2003-11-25,alumnus|engineer|designer
n318,Grace,Finance_1,57,false,2019-06-18,alumnus|engineer
n319,Heidi,Finance_1,46,true,2008-04-08,alumnus|advisor
n320,Alice,Finance_1,21,false,2013-12-28,designer|founder|alumnus
n321,Bob,Finance_1,19,true,2005-02-15,board|founder
n322,Carol,Finance_1,55,false,2003-10-23,advisor
n323,Dave,Finance_1,27,true,2012-07-20,board|founder|designer
n324,Eve,Finance_1,24,false,2015-10-04,advisor
n325,Frank,Finance_1,77,true,2016-12-18,designer|founder|engineer
n326,Grace,Finance_1,38,true,2008-03-14,alumnus
n327,Heidi,Finance_1,45,true,2009-01-03,advisor|advisor|advisor
n328,Alice,Finance_1,20,true,2017-06-27,board
n329,Bob,Finance_1,69,true,2022-09-21,engineer|board
n330,Carol,Finance_1,67,false,2014-11-26,engineer|advisor
n331,Dave,Finance_1,34,false,2002-08-02,advisor
n332,Eve,Finance_1,58,true,2014-10-15,engineer|board|founder
n333,Frank,Finance_1,59,true,2019-07-04,alumnus
n334,Grace,Finance_1,37,false,2011-04-14,engineer|board
n335,Heidi,Finance_1,64,true,2007-09-02,designer|board
n336,Alice,Finance_1,49,false,2012-09-18,founder|alumnus
n337,Bob,Finance_1,57,true,2024-07-19,alumnus|engineer|advisor
n338,Carol,Finance_1,66,true,2013-07-04,founder|designer|advisor
n339,Dave,Finance_1,20,true,2021-11-27,designer|alumnus|designer
n340,Eve,Finance_1,48,true,2016-05-25,board|engineer
n341,Frank,Finance_1,72,true,2014-12-12,advisor|alumnus
n342,Grace,Finance_1,48,false,2021-05-18,advisor
n343,Heidi,Finance_1,52,true,2013-09-05,engineer
n344,Alice,Finance_1,54,false,2018-07-24,alumnus|engineer|advisor
n345,Bob,Finance_1,73,true,2010-05-07,founder|alumnus
n346,Carol,Finance_1,19,false,2009-08-17,founder|founder|engineer
n347,Dave,Finance_1,39,true,2004-04-10,founder
n348,Eve,Finance_1,76,true,2023-04-12,board|founder|founder
n349,Frank,Finance_1,53,true,2023-01-03,engineer
n350,Grace,Finance_1,51,false,2017-06-17,founder
n351,Heidi,Finance_1,32,true,2022-03-05,board
n352,Alice,Finance_1,19,false,2024-07-10,engineer
n353,Bob,Finance_1,30,false,2002-08-03,founder
n354,Carol,Finance_1,49,true,2009-05-12,advisor|engineer|advisor
n355,Dave,Finance_1,69,true,2009-07-19,engineer
n356,Eve,Finance_1,20,true,2024-10-06,board
n357,Frank,Finance_1,40,true,2001-10-15,founder|designer
n358,Grace,Finance_1,41,true,2022-07-07,board
n359,Heidi,Finance_1,38,false,2019-01-09,designer|board|board
n360,Alice,Finance_1,25,true,2016-08-26,alumnus
n361,Bob,Finance_1,66,true,2015-08-18,designer|founder
n362,Carol,Finance_1,74,true,2023-11-16,engineer|engineer|engineer
n363,Dave,Finance_1,75,true,2007-04-21,advisor|advisor|advisor
n364,Eve,Finance_1,56,true,2003-07-20,alumnus
n365,Frank,Finance_1,36,true,2019-10-04,alumnus
n366,Grace,Finance_1,73,true,2002-07-15,alumnus
n367,Heidi,Finance_1,45,true,2010-05-24,designer|engineer
n368,Alice,Finance_1,38,true,2023-01-22,designer
n369,Bob,Finance_1,31,true,2006-07-04,advisor|board|engineer
n370,Carol,Finance_1,45,false,2001-10-16,designer|alumnus|alumnus
n371,Dave,Finance_1,75,true,2017-06-22,advisor|engineer|advisor
n372,Eve,Finance_1,21,true,2019-09-27,engineer
n373,Frank,Finance_1,23,false,2023-06-02,engineer|designer
n374,Grace,Finance_1,21,true,2002-05-17,founder
n375,Heidi,Finance_1,56,true,2023-02-17,alumnus|founder|designer
n376,Alice,Finance_1,32,false,2000-11-14,designer|advisor|designer
n377,Bob,Finance_1,62,true,2004-05-12,alumnus|board
n378,Carol,Finance_1,56,false,2013-07-22,board
n379,Dave,Finance_1,43,true,2001-12-14,designer
n380,Eve,Finance_1,41,false,2000-06-19,board|engineer
n381,Frank,Finance_1,54,true,2016-09-18,board
n382,Grace,Finance_1,67,true,2019-11-08,engineer|advisor
n383,Heidi,Finance_1,74,true,2009-02-06,founder|board
n384,Alice,Finance_1,32,false,2000-06-23,founder|designer
n385,Bob,Finance_1,43,true,2011-11-09,engineer|designer
n386,Carol,Finance_1,75,true,2006-08-24,designer|board|board
n387,Dave,Finance_1,41,true,2019-07-09,board|engineer
n388,Eve,Finance_1,67,false,2012-12-06,founder
n389,Frank,Finance_1,76,true,2024-05-11,founder|alumnus
n390,Grace,Finance_1,75,false,2004-06-18,board|advisor
n391,Heidi,Finance_1,56,false,2003-04-26,advisor|founder
n392,Alice,Finance_1,68,false,2022-06-01,engineer|board
n393,Bob,Finance_1,46,false,2000-11-28,advisor
n394,Carol,Finance_1,33,false,2006-11-01,engineer
n395,Dave,Finance_1,30,true,2004-02-22,alumnus|founder
n396,Eve,Finance_1,56,true,2004-02-05,board|engineer|founder
n397,Frank,Finance_1,62,true,2006-11-14,founder
n398,Grace,Finance_1,76,true,2000-05-21,board
n399,Heidi,Finance_1,72,true,2002-12-04,board|founder|engineer
n400,Alice,Finance_1,56,false,2013-02-02,designer|engineer
n401,Bob,Finance_1,39,true,2023-12-06,alumnus
n402,Carol,Finance_1,60,true,2020-05-12,engineer|founder
n403,Dave,Finance_1,76,true,2006-08-07,alumnus|advisor|board
n404,Eve,Finance_1,55,true,2018-12-20,engineer|engineer
n405,Frank,Finance_1,60,true,2013-05-13,founder|alumnus|advisor
n406,Grace,Finance_1,46,true,2009-06-01,board
n407,Heidi,Finance_1,68,false,2001-05-23,board
n408,Alice,Finance_1,50,true,2018-06-22,founder|founder
n409,Bob,Finance_1,29,false,2023-09-12,designer|founder|engineer
n410,Carol,Finance_1,20,false,2006-09-11,founder|board|engineer
n411,Dave,Finance_1,38,true,2023-01-27,alumnus|alumnus
n412,Eve,Finance_1,31,true,2003-09-02,engineer|advisor|alumnus
n413,Frank,Finance_1,68,false,2008-09-06,advisor
n414,Grace,Finance_1,73,false,2003-11-18,engineer
n415,Heidi,Finance_1,41,true,2023-01-23,engineer|engineer
n416,Alice,Finance_1,54,true,2013-09-16,founder|designer
n417,Bob,Finance_1,62,false,2017-09-08,founder|designer
n418,Carol,Finance_1,68,true,2005-08-01,engineer
n419,Dave,Finance_1,19,false,2018-02-19,engineer|designer|engineer
n420,Eve,Finance_1,33,true,2010-05-18,advisor|advisor|engineer
n421,Frank,Finance_1,51,true,2022-09-26,alumnus
n422,Grace,Finance_1,34,true,2021-03-25,designer|founder|designer
n423,Heidi,Finance_1,58,false,2000-02-27,founder|board|advisor
n424,Alice,Finance_1,51,true,2014-03-21,designer|advisor|designer
n425,Bob,Finance_1,18,false,2003-08-17,board|engineer|alumnus
n426,Carol,Finance_1,56,true,2003-06-13,alumnus|founder|alumnus
n427,Dave,Finance_1,63,true,2021-07-03,advisor|engineer
n428,Eve,Finance_1,27,true,2021-09-01,alumnus|advisor|designer
n429,Frank,Finance_1,75,true,2001-08-24,founder
n430,Grace,Finance_1,48,false,2014-06-10,alumnus|founder|alumnus
n431,Heidi,Finance_1,73,true,2001-09-28,board|alumnus
n432,Alice,Finance_1,46,true,2010-01-12,founder|designer
n433,Bob,Finance_1,33,false,2017-08-16,designer|founder|advisor
n434,Carol,Finance_1,65,true,2000-11-02,board
n435,Dave,Finance_1,26,true,2021-10-18,designer
n436,Eve,Finance_1,45,true,2011-11-01,alumnus
n437,Frank,Finance_1,35,true,2013-04-05,advisor
n438,Grace,Finance_1,68,true,2004-08-18,engineer|alumnus|advisor
n439,Heidi,Finance_1,22,false,2011-02-07,alumnus|engineer
n440,Alice,Finance_1,46,false,2011-07-24,founder|alumnus
n441,Bob,Finance_1,34,false,2011-06-15,board|designer
n442,Carol,Finance_1,25,true,2004-09-10,alumnus|board|advisor
n443,Dave,Finance_1,45,true,2021-03-20,founder
n444,Eve,Finance_1,30,true,2020-02-10,founder|advisor|board
n445,Frank,Finance_1,38,true,2013-09-12,engineer|engineer|board
n446,Grace,Finance_1,71,true,2004-08-27,alumnus|engineer
n447,Heidi,Finance_1,36,true,2010-07-21,advisor
n448,Alice,Finance_1,54,true,2022-10-25,founder
n449,Bob,Finance_1,23,true,2020-01-26,designer|advisor|designer
n450,Carol,Finance_1,65,true,2009-08-23,board|founder|board
n451,Dave,Finance_1,48,true,2021-05-03,engineer|alumnus
n452,Eve,Finance_1,55,false,2022-08-28,designer|engineer
n453,Frank,Finance_1,47,false,2016-02-17,alumnus
n454,Grace,Finance_1,70,true,2003-09-27,advisor|founder|engineer
n455,Heidi,Finance_1,69,true,2000-04-06,advisor|board
n456,Alice,Finance_1,51,true,2008-10-05,founder|board|board
n457,Bob,Finance_1,44,true,2023-11-20,advisor
n458,Carol,Finance_1,61,true,2020-09-23,advisor|engineer
n459,Dave,Finance_1,73,true,2022-05-14,engineer|engineer
n460,Eve,Finance_1,76,false,2012-06-12,designer|board
n461,Frank,Finance_1,54,true,2022-02-04,alumnus
n462,Grace,Finance_1,22,false,2005-06-01,designer|designer
n463,Heidi,Finance_1,70,true,2020-04-24,board
n464,Alice,Finance_1,52,true,2008-03-15,founder|founder|advisor
n465,Bob,Finance_1,21,true,2009-01-15,engineer|advisor|designer
n466,Carol,Finance_1,36,false,2000-07-21,designer
n467,Dave,Finance_1,46,true,2001-10-04,board|designer
n468,Eve,Finance_1,77,true,2013-02-19,alumnus|advisor
n469,Frank,Finance_1,42,true,2015-10-01,board|alumnus|founder
n470,Grace,Finance_1,40,false,2006-11-27,designer|alumnus
n471,Heidi,Finance_1,56,false,2000-05-01,board|advisor|board
n472,Alice,Finance_1,24,false,2015-06-06,alumnus
n473,Bob,Finance_1,26,false,2010-12-25,engineer
n474,Carol,Arts_2,24,true,2020-10-04,board|designer|advisor
n475,Dave,Arts_2,49,true,2001-01-25,engineer|designer
n476,Eve,Arts_2,76,true,2024-02-03,engineer|advisor
n477,Frank,Arts_2,30,false,2005-11-04,founder|advisor
n478,Grace,Arts_2,36,false,2022-08-05,founder|alumnus
n479,Heidi,Arts_2,29,true,2016-06-26,advisor|designer|alumnus
n480,Alice,Arts_2,38,false,2013-07-27,engineer|founder
n481,Bob,Arts_2,25,true,2014-03-28,alumnus
n482,Carol,Arts_2,38,true,2007-08-15,alumnus|designer|engineer
n483,Dave,Arts_2,58,true,2006-06-14,advisor
n484,Eve,Arts_2,20,true,2015-12-25,engineer
n485,Frank,Arts_2,47,true,2018-12-06,engineer|alumnus|designer
n486,Grace,Arts_2,19,true,2024-05-20,founder
n487,Heidi,Arts_2,63,true,2021-05-11,engineer
n488,Alice,Arts_2,50,true,2012-08-07,advisor|designer|board
n489,Bob,Arts_2,25,false,2017-06-25,engineer|board
n490,Carol,Arts_2,46,true,2010-08-09,alumnus
n491,Dave,Arts_2,56,true,2011-01-05,board
n492,Eve,Arts_2,39,true,2018-07-02,founder|board|engineer
n493,Frank,Arts_2,62,true,2002-04-12,alumnus
n494,Grace,Arts_2,49,true,2018-05-24,alumnus
n495,Heidi,Arts_2,60,true,2014-06-06,founder|advisor|engineer
n496,Alice,Arts_2,22,true,2011-06-03,advisor
n497,Bob,Arts_2,42,false,2016-08-03,alumnus|board|founder
n498,Carol,Arts_2,25,true,2003-08-28,advisor|advisor
n499,Dave,Arts_2,38,true,2014-06-25,board
n500,Eve,Arts_2,71,true,2007-04-16,board|engineer|designer
n501,Frank,Arts_2,19,true,2018-01-24,designer|board
n502,Grace,Arts_2,48,true,2008-07-14,board|engineer|engineer
n503,Heidi,Arts_2,35,true,2011-10-28,designer|alumnus
n504,Alice,Arts_2,50,true,2011-03-11,alumnus
n505,Bob,Arts_2,68,true,2014-04-28,designer
n506,Carol,Arts_2,75,true,2014-02-25,board
n507,Dave,Arts_2,56,true,2004-04-03,alumnus|founder|advisor
n508,Eve,Arts_2,56,true,2020-10-16,founder
n509,Frank,Arts_2,41,false,2020-04-10,alumnus|designer
n510,Grace,Arts_2,67,true,2020-09-13,alumnus
n511,Heidi,Arts_2,25,true,2007-11-28,engineer|alumnus|designer
n512,Alice,Arts_2,65,true,2007-10-10,founder
n513,Bob,Arts_2,24,true,2011-06-01,board|designer
n514,Carol,Arts_2,55,false,2003-07-13,engineer|board|advisor
n515,Dave,Arts_2,38,true,2006-02-17,advisor|founder
n516,Eve,Arts_2,69,true,2004-07-17,engineer
n517,Frank,Arts_2,30,true,2017-08-19,founder|board
n518,Grace,Arts_2,33,false,2002-09-23,board
n519,Heidi,Arts_2,63,true,2005-01-25,designer
n520,Alice,Arts_2,19,true,2000-09-05,advisor|engineer
n521,Bob,Arts_2,35,true,2020-03-28,alumnus|advisor
n522,Carol,Arts_2,31,true,2000-11-15,founder
n523,Dave,Arts_2,59,true,2014-01-03,engineer|alumnus|advisor
n524,Eve,Arts_2,38,true,2020-09-11,engineer|board|board
n525,Frank,Arts_2,56,true,2023-12-18,designer
n526,Grace,Arts_2,19,true,2005-09-04,designer|alumnus|designer
n527,Heidi,Arts_2,50,true,2002-10-07,board|advisor|engineer
n528,Alice,Arts_2,35,true,2014-06-04,board
n529,Bob,Arts_2,67,false,2018-09-13,advisor|alumnus
n530,Carol,Arts_2,63,true,2003-08-24,advisor|engineer
n531,Dave,Arts_2,50,true,2012-08-22,alumnus|founder|engineer
n532,Eve,Arts_2,30,true,2002-02-18,engineer|alumnus|founder
n533,Frank,Arts_2,54,true,2007-05-08,designer|engineer|founder
n534,Grace,Arts_2,24,false,2011-09-22,engineer|designer
n535,Heidi,Arts_2,36,false,2000-05-20,designer
n536,Alice,Arts_2,27,false,2014-04-22,board
n537,Bob,Arts_2,69,true,2008-04-05,designer|engineer|advisor
n538,Carol,Arts_2,29,true,2000-06-15,advisor|founder
n539,Dave,Arts_2,70,true,2015-10-27,alumnus
n540,Eve,Arts_2,62,true,2002-10-25,alumnus|designer
n541,Frank,Arts_2,55,false,2004-11-11,advisor|advisor
n542,Grace,Arts_2,24,true,2013-01-10,designer
n543,Heidi,Arts_2,61,true,2009-06-23,alumnus
n544,Alice,Arts_2,30,false,2023-08-20,engineer
n545,Bob,Arts_2,48,true,2009-06-09,advisor
n546,Carol,Arts_2,66,true,2024-07-12,founder|alumnus
n547,Dave,Arts_2,61,false,2005-11-20,designer
n548,Eve,Arts_2,67,true,2006-03-21,designer|advisor
n549,Frank,Arts_2,33,true,2020-02-05,founder
n550,Grace,Arts_2,65,true,2006-03-25,advisor|board|founder
n551,Heidi,Arts_2,65,false,2006-12-28,designer|advisor
n552,Alice,Arts_2,49,true,2010-04-14,alumnus|engineer|designer
n553,Bob,Arts_2,50,true,2021-12-01,engineer|engineer
n554,Carol,Arts_2,77,true,2017-05-06,designer
n555,Dave,Arts_2,76,true,2015-12-03,engineer|engineer
n556,Eve,Arts_2,33,true,2002-12-06,designer|alumnus
n557,Frank,Arts_2,66,true,2008-08-27,founder|board|advisor
n558,Grace,Arts_2,21,true,2002-04-15,board|advisor|engineer
n559,Heidi,Arts_2,53,true,2024-07-16,engineer|advisor|designer
n560,Alice,Arts_2,42,true,2019-11-28,founder|engineer|advisor
n561,Bob,Arts_2,57,true,2023-11-14,board|advisor
n562,Carol,Arts_2,46,true,2000-12-13,founder|board|designer
n563,Dave,Arts_2,28,true,2021-09-18,founder|advisor
n564,Eve,Arts_2,53,false,2023-04-10,board
n565,Frank,Arts_2,62,true,2016-11-16,engineer|alumnus|designer
n566,Grace,Arts_2,50,false,2024-07-18,advisor|engineer|engineer
n567,Heidi,Arts_2,60,true,2014-05-25,alumnus|designer
n568,Alice,Arts_2,53,true,2005-05-19,engineer
n569,Bob,Arts_2,57,true,2015-06-19,designer
n570,Carol,Arts_2,51,false,2024-04-28,engineer
n571,Dave,Arts_2,62,true,2015-04-16,founder
n572,Eve,Arts_2,33,false,2013-02-18,advisor|founder|alumnus
n573,Frank,Arts_2,41,true,2004-04-07,alumnus|alumnus|advisor
n574,Grace,Arts_2,20,true,2015-10-23,alumnus|board|designer
n575,Heidi,Arts_2,66,true,2002-01-09,founder|advisor
n576,Alice,Arts_2,30,true,2013-01-07,advisor
n577,Bob,Arts_2,18,true,2001-04-14,engineer|board
n578,Carol,Arts_2,50,false,2002-09-04,alumnus
n579,Dave,Arts_2,36,true,2012-11-17,designer
n580,Eve,Arts_2,75,false,2023-08-23,advisor|board
n581,Frank,Arts_2,73,false,2006-02-18,engineer|engineer|alumnus
n582,Grace,Arts_2,68,false,2019-02-14,designer|board
n583,Heidi,Arts_2,46,true,2008-08-16,board
n584,Alice,Arts_2,38,true,2001-04-23,designer|board
n585,Bob,Arts_2,28,true,2019-12-10,advisor|board|founder
n586,Carol,Arts_2,70,false,2021-04-14,board|engineer|advisor
n587,Dave,Arts_2,35,true,2000-07-23,founder|engineer
n588,Eve,Arts_2,70,false,2010-08-13,board
n589,Frank,Arts_2,73,true,2016-10-12,designer|designer
n590,Grace,Arts_2,64,true,2005-03-08,advisor
n591,Heidi,Arts_2,60,true,2021-08-28,alumnus|engineer
n592,Alice,Arts_2,40,true,2017-09-07,board|advisor|designer
n593,Bob,Arts_2,32,true,2005-09-20,engineer
n594,Carol,Arts_2,30,true,2004-07-02,engineer|board
n595,Dave,Arts_2,64,true,2019-11-18,engineer|engineer|designer
n596,Eve,Arts_2,21,true,2024-11-08,board|designer
n597,Frank,Arts_2,67,true,2003-03-13,engineer|designer|designer
n598,Grace,Arts_2,64,true,2020-04-23,board
n599,Heidi,Arts_2,65,false,2005-02-05,designer|alumnus
n600,Alice,Arts_2,22,false,2013-10-15,designer|engineer
n601,Bob,Arts_2,24,false,2013-12-25,founder|board
n602,Carol,Arts_2,39,true,2020-01-11,alumnus|board
n603,Dave,Arts_2,32,true,2007-06-24,engineer|designer
n604,Eve,Arts_2,64,false,2000-02-17,founder|designer
n605,Frank,Arts_2,37,true,2017-12-21,founder
n606,Grace,Arts_2,56,true,2008-07-07,engineer|advisor|founder
n607,Heidi,Arts_2,70,false,2011-03-16,board
n608,Alice,Arts_2,21,true,2011-10-25,alumnus
n609,Bob,Arts_2,66,true,2024-06-08,engineer|board
n610,Carol,Arts_2,57,true,2001-03-17,alumnus|founder|board
n611,Dave,Arts_2,65,true,2021-04-20,founder|board|board
n612,Eve,Arts_2,67,false,2006-11-10,designer|board
n613,Frank,Arts_2,73,true,2008-02-28,engineer|designer|founder
n614,Grace,Arts_2,67,false,2001-02-17,engineer
n615,Heidi,Arts_2,28,true,2006-05-27,advisor|designer
n616,Alice,Arts_2,36,true,2007-09-19,engineer|advisor|engineer
n617,Bob,Arts_2,53,true,2023-09-01,engineer|alumnus|board
n618,Carol,Arts_2,72,false,2014-03-08,founder|alumnus
n619,Dave,Arts_2,61,false,2005-02-13,engineer
n620,Eve,Arts_2,28,false,2016-01-21,engineer|founder
n621,Frank,Arts_2,55,true,2012-10-24,alumnus|founder|board
n622,Grace,Arts_2,34,true,2002-02-24,engineer
n623,Heidi,Arts_2,73,true,2015-05-20,advisor
n624,Alice,Arts_2,54,true,2022-11-07,advisor|designer|engineer
n625,Bob,Arts_2,73,true,2010-04-03,alumnus|founder
n626,Carol,Arts_2,55,true,2000-04-23,designer
n627,Dave,Arts_2,32,true,2022-09-24,alumnus
n628,Eve,Arts_2,26,true,2021-02-17,alumnus|engineer|alumnus
n629,Frank,Arts_2,56,true,2013-01-15,founder
n630,Grace,Arts_2,31,true,2023-04-08,founder|engineer|advisor
n631,Heidi,Arts_2,20,true,2007-11-19,engineer|designer
n632,Alice,Arts_2,32,true,2005-12-01,alumnus
n633,Bob,Arts_2,76,true,2020-05-05,engineer
n634,Carol,Arts_2,25,true,2001-10-08,alumnus|advisor|founder
n635,Dave,Arts_2,58,true,2015-11-15,board|founder
n636,Eve,Arts_2,41,false,2002-02-05,engineer|designer
n637,Frank,Arts_2,73,true,2011-05-06,founder|engineer
n638,Grace,Arts_2,26,true,2024-03-10,alumnus|board|board
n639,Heidi,Arts_2,70,false,2023-05-12,founder|advisor
n640,Alice,Arts_2,41,true,2009-08-19,engineer
n641,Bob,Arts_2,31,true,2018-03-04,founder|designer|designer
n642,Carol,Arts_2,40,true,2019-01-10,alumnus|advisor|alumnus
n643,Dave,Arts_2,67,true,2021-07-20,founder|founder
n644,Eve,Arts_2,18,false,2003-02-17,engineer
n645,Frank,Arts_2,34,true,2015-04-19,founder|alumnus
n646,Grace,Arts_2,62,true,2010-06-16,founder
n647,Heidi,Arts_2,48,false,2010-01-10,designer|designer
n648,Alice,Arts_2,57,true,2001-02-15,engineer|advisor
n649,Bob,Arts_2,64,true,2024-04-09,alumnus
n650,Carol,Arts_2,71,true,2017-03-09,board|board|founder
n651,Dave,Arts_2,35,false,2010-11-24,alumnus|designer|founder
n652,Eve,Arts_2,58,false,2023-08-25,alumnus
n653,Frank,Arts_2,57,true,2006-12-03,designer|advisor
n654,Grace,Arts_2,36,false,2001-03-23,founder|alumnus|designer
n655,Heidi,Arts_2,60,true,2009-01-25,advisor|board
n656,Alice,Arts_2,51,false,2004-01-07,designer
n657,Bob,Arts_2,53,false,2005-07-26,engineer|founder
n658,Carol,Arts_2,20,false,2003-08-07,board|engineer
n659,Dave,Arts_2,28,true,2003-08-21,board|founder|board
n660,Eve,Arts_2,21,true,2012-06-13,engineer|advisor|advisor
n661,Frank,Arts_2,20,true,2006-02-16,engineer|alumnus
n662,Grace,Arts_2,23,true,2013-02-02,engineer|founder|founder
n663,Heidi,Arts_2,52,true,2001-07-28,engineer|engineer
n664,Alice,Arts_2,76,true,2012-04-03,designer
n665,Bob,Arts_2,49,true,2003-06-28,engineer|designer|engineer
n666,Carol,Arts_2,51,false,2016-01-10,founder|founder|designer
n667,Dave,Arts_2,37,true,2014-07-21,designer|board|engineer
n668,Eve,Arts_2,76,true,2006-09-22,advisor|founder|founder
n669,Frank,Arts_2,34,true,2020-06-18,designer
n670,Grace,Arts_2,23,true,2021-04-26,advisor
n671,Heidi,Arts_2,55,true,2024-10-28,alumnus
n672,Alice,Arts_2,46,true,2020-03-09,designer
n673,Bob,Arts_2,35,true,2018-05-13,board|designer|designer
n674,Carol,Arts_2,60,true,2018-05-27,engineer|engineer|designer
n675,Dave,Arts_2,77,false,2013-07-25,advisor|advisor
n676,Eve,Arts_2,39,true,2016-05-27,alumnus|engineer|alumnus
n677,Frank,Arts_2,74,true,2010-12-17,engineer|alumnus|advisor
n678,Grace,Arts_2,32,false,2010-03-17,advisor
n679,Heidi,Arts_2,31,true,2014-12-06,advisor|engineer|engineer
n680,Alice,Arts_2,21,true,2015-04-24,engineer
n681,Bob,Arts_2,42,true,2006-07-12,board|engineer|board
n682,Carol,Arts_2,61,false,2020-07-12,advisor|board|board
n683,Dave,Arts_2,35,false,2018-12-08,engineer|alumnus
n684,Eve,Arts_2,74,true,2004-07-14,alumnus|founder
n685,Frank,Arts_2,26,true,2001-12-14,designer|alumnus|board
n686,Grace,Arts_2,68,true,2009-10-11,designer|board|board
n687,Heidi,Arts_2,72,false,2009-01-25,engineer|advisor
n688,Alice,Arts_2,33,true,2022-06-07,board
n689,Bob,Arts_2,29,true,2016-06-14,board|alumnus|alumnus
n690,Carol,Arts_2,60,true,2020-09-27,designer|board|engineer
n691,Dave,Arts_2,64,true,2023-01-19,designer|advisor
n692,Eve,Arts_2,53,false,2001-04-16,founder|designer
n693,Frank,Arts_2,42,true,2019-11-11,board|advisor
n694,Grace,Arts_2,46,true,2019-11-12,founder
n695,Heidi,Sports_3,36,false,2012-11-09,engineer|designer|designer
n696,Alice,Sports_3,35,true,2015-11-22,board|engineer|engineer
n697,Bob,Sports_3,26,false,2018-11-15,advisor|founder
n698,Carol,Sports_3,33,true,2018-06-09,board
n699,Dave,Sports_3,49,true,2012-07-05,founder|board|board
n700,Eve,Sports_3,25,true,2016-12-26,designer|board
n701,Frank,Sports_3,29,true,2001-02-08,alumnus|founder
n702,Grace,Sports_3,33,true,2014-02-17,designer
n703,Heidi,Sports_3,24,true,2017-06-20,founder
n704,Alice,Sports_3,23,true,2021-11-03,engineer|designer|founder
n705,Bob,Sports_3,34,true,2001-06-13,designer|engineer|alumnus
n706,Carol,Sports_3,18,true,2014-11-18,founder|advisor|designer
n707,Dave,Sports_3,69,true,2000-07-04,advisor|alumnus
n708,Eve,Sports_3,30,true,2024-05-20,designer|advisor|advisor
n709,Frank,Sports_3,39,true,2021-04-16,alumnus|advisor|alumnus
n710,Grace,Sports_3,38,false,2014-06-24,board
n711,Heidi,Sports_3,35,false,2003-01-19,engineer|engineer
n712,Alice,Sports_3,22,true,2004-11-11,engineer|advisor|founder
n713,Bob,Sports_3,76,false,2014-03-04,engineer|engineer
n714,Carol,Sports_3,64,true,2017-02-22,designer
n715,Dave,Sports_3,46,true,2004-03-17,advisor|engineer|board
n716,Eve,Sports_3,51,true,2003-05-22,engineer|founder|board
n717,Frank,Sports_3,38,true,2006-07-16,board|designer
n718,Grace,Sports_3,21,true,2003-12-19,designer
n719,Heidi,Sports_3,18,false,2004-01-24,alumnus
n720,Alice,Sports_3,41,true,2002-12-22,engineer|engineer|engineer
n721,Bob,Sports_3,49,true,2002-08-26,alumnus|founder|engineer
n722,Carol,Sports_3,32,true,2012-01-07,alumnus|advisor|engineer
n723,Dave,Sports_3,76,false,2019-08-20,engineer
n724,Eve,Sports_3,50,true,2003-04-27,board|advisor
n725,Frank,Sports_3,61,true,2015-01-27,advisor|alumnus
n726,Grace,Sports_3,25,true,2008-10-05,advisor
n727,Heidi,Sports_3,35,true,2010-09-07,founder|board
n728,Alice,Sports_3,22,true,2010-09-24,board|board
n729,Bob,Sports_3,59,true,2001-01-21,designer|alumnus
n730,Carol,Sports_3,75,true,2008-08-13,advisor
n731,Dave,Sports_3,61,false,2016-05-05,designer|board
n732,Eve,Sports_3,31,false,2022-09-27,founder
n733,Frank,Sports_3,23,true,2009-04-23,board|advisor|alumnus
n734,Grace,Sports_3,45,false,2012-04-02,engineer|alumnus
n735,Heidi,Sports_3,55,true,2005-03-17,advisor|board
n736,Alice,Sports_3,32,true,2019-09-10,founder
n737,Bob,Sports_3,37,true,2016-07-19,designer|engineer
n738,Carol,Sports_3,68,true,2010-11-18,board
n739,Dave,Sports_3,46,true,2014-05-12,board
n740,Eve,Sports_3,33,true,2005-09-15,alumnus
n741,Frank,Sports_3,38,true,2014-02-18,engineer|advisor|alumnus
n742,Grace,Sports_3,76,false,2020-12-20,designer|engineer
n743,Heidi,Sports_3,25,false,2007-06-05,alumnus
n744,Alice,Sports_3,62,true,2023-10-22,alumnus|board|engineer
n745,Bob,Sports_3,51,false,2023-08-27,board|founder
n746,Carol,Sports_3,24,true,2021-02-23,advisor|engineer
n747,Dave,Sports_3,25,true,2008-08-22,engineer|engineer|board
n748,Eve,Sports_3,69,true,2007-10-09,designer|designer
n749,Frank,Sports_3,38,true,2018-09-10,designer|advisor
n750,Grace,Sports_3,44,false,2000-11-01,founder
n751,Heidi,Sports_3,70,true,2003-10-20,founder|advisor|board
n752,Alice,Sports_3,74,true,2001-02-28,board|founder
n753,Bob,Sports_3,18,true,2020-04-20,advisor|alumnus
n754,Carol,Sports_3,44,true,2002-01-20,founder
n755,Dave,Sports_3,25,false,2022-05-23,engineer|advisor|alumnus
n756,Eve,Sports_3,55,true,2000-07-12,designer|founder
n757,Frank,Sports_3,56,false,2015-11-02,advisor|board|board
n758,Grace,Sports_3,41,true,2006-10-15,advisor|founder
n759,Heidi,Sports_3,73,false,2006-01-17,board|founder
n760,Alice,Sports_3,57,true,2016-04-26,founder
n761,Bob,Sports_3,44,true,2000-11-20,designer|board
n762,Carol,Sports_3,21,false,2009-08-07,advisor
n763,Dave,Sports_3,49,true,2008-08-06,engineer|board
n764,Eve,Sports_3,58,true,2022-06-03,designer
n765,Frank,Sports_3,25,true,2019-08-14,advisor|alumnus|founder
n766,Grace,Sports_3,55,true,2002-05-22,alumnus|advisor
n767,Heidi,Sports_3,69,true,2024-07-14,designer|engineer
n768,Alice,Sports_3,40,true,2020-09-08,designer
n769,Bob,Sports_3,60,true,2024-11-16,founder
n770,Carol,Sports_3,36,true,2004-07-22,engineer
n771,Dave,Sports_3,31,false,2015-12-17,advisor
n772,Eve,Sports_3,71,false,2006-02-24,board|founder
n773,Frank,Sports_3,56,true,2016-01-09,alumnus
n774,Grace,Sports_3,25,false,2004-02-26,founder
n775,Heidi,Sports_3,26,true,2012-09-05,engineer|designer
n776,Alice,Sports_3,55,false,2015-07-20,designer
n777,Bob,Sports_3,71,false,2017-06-04,advisor|advisor
n778,Carol,Sports_3,28,true,2019-05-20,alumnus|designer
n779,Dave,Sports_3,31,true,2003-04-19,board|designer|engineer
n780,Eve,Sports_3,36,true,2016-12-06,alumnus
n781,Frank,Sports_3,61,true,2006-09-14,engineer|designer
n782,Grace,Sports_3,24,false,2012-04-26,founder
n783,Heidi,Sports_3,51,false,2004-02-03,founder|engineer|founder
n784,Alice,Sports_3,52,true,2014-09-15,founder|board
n785,Bob,Sports_3,26,true,2021-11-18,engineer|advisor|alumnus
n786,Carol,Sports_3,19,true,2002-08-15,alumnus|advisor|engineer
n787,Dave,Sports_3,45,false,2002-06-08,engineer|founder|advisor
n788,Eve,Sports_3,63,true,2011-05-08,engineer|board
n789,Frank,Sports_3,23,true,2000-03-05,founder|designer|board
n790,Grace,Sports_3,30,true,2014-04-28,alumnus|alumnus|engineer
n791,Heidi,Sports_3,24,true,2016-07-05,board|alumnus
n792,Alice,Sports_3,58,true,2007-10-20,engineer|engineer|board
n793,Bob,Sports_3,71,true,2022-07-10,designer|board
n794,Carol,Sports_3,60,true,2017-02-05,alumnus|designer|engineer
n795,Dave,Sports_3,49,true,2021-07-05,founder|designer|engineer
n796,Eve,Sports_3,74,true,2001-06-01,founder|founder|alumnus
n797,Frank,Sports_3,51,false,2006-05-14,engineer
n798,Grace,Sports_3,58,true,2004-09-27,board|advisor|alumnus
n799,Heidi,Sports_3,46,true,2022-01-26,alumnus|founder|engineer
n800,Alice,Sports_3,77,false,2011-12-09,advisor
n801,Bob,Sports_3,49,true,2017-11-19,designer|founder
n802,Carol,Sports_3,76,true,2022-04-22,engineer|founder
n803,Dave,Sports_3,37,true,2021-04-12,alumnus|alumnus
n804,Eve,Sports_3,62,true,2017-09-02,board|alumnus
n805,Frank,Sports_3,63,true,2010-11-27,advisor
n806,Grace,Sports_3,41,true,2012-08-21,designer|founder
n807,Heidi,Sports_3,56,false,2006-02-24,founder|founder|alumnus
n808,Alice,Sports_3,31,false,2001-06-25,designer|advisor
n809,Bob,Sports_3,49,true,2016-04-28,engineer|board
n810,Carol,Sports_3,28,true,2016-04-25,founder
n811,Dave,Sports_3,34,true,2007-10-12,founder|board|founder
n812,Eve,Sports_3,27,true,2020-07-11,engineer
n813,Frank,Sports_3,46,true,2021-10-10,alumnus|board
n814,Grace,Sports_3,47,false,2013-03-27,advisor|board
n815,Heidi,Sports_3,27,true,2024-05-02,board
n816,Alice,Sports_3,49,false,2016-11-06,alumnus
n817,Bob,Sports_3,77,false,2022-04-20,founder|founder|designer
n818,Carol,Sports_3,33,true,2023-03-04,founder
n819,Dave,Sports_3,34,false,2000-09-26,advisor
n820,Eve,Sports_3,59,true,2003-06-24,designer|engineer
n821,Frank,Sports_3,59,true,2010-10-02,designer
n822,Grace,Sports_3,43,false,2018-04-13,alumnus|advisor|advisor
n823,Heidi,Sports_3,52,false,2020-04-06,founder|board
n824,Alice,Sports_3,77,false,2008-06-10,founder|alumnus
n825,Bob,Sports_3,22,true,2016-03-08,board|board
n826,Carol,Sports_3,75,true,2009-10-10,founder
n827,Dave,Sports_3,51,true,2014-07-11,alumnus|engineer|founder
n828,Eve,Sports_3,21,false,2012-09-18,board|alumnus
n829,Frank,Sports_3,59,true,2021-05-22,founder
n830,Grace,Sports_3,63,true,2001-11-02,alumnus|board
n831,Heidi,Sports_3,21,true,2014-03-20,founder|alumnus
n832,Alice,Sports_3,34,true,2002-04-27,advisor|advisor|founder
n833,Bob,Sports_3,23,true,2004-09-17,alumnus
n834,Carol,Sports_3,36,true,2022-05-06,designer
n835,Dave,Sports_3,57,true,2010-12-03,founder|founder
n836,Eve,Sports_3,45,true,2001-04-01,designer|alumnus
n837,Frank,Sports_3,49,true,2022-08-04,alumnus|board|engineer
n838,Grace,Sports_3,62,false,2004-04-06,advisor
n839,Heidi,Sports_3,23,false,2017-11-10,founder
n840,Alice,Sports_3,68,true,2015-02-14,engineer
n841,Bob,Sports_3,54,true,2022-11-20,engineer
n842,Carol,Sports_3,24,true,2001-11-09,founder|designer
n843,Dave,Sports_3,34,true,2005-01-11,board|founder|board
n844,Eve,Sports_3,66,true,2011-11-25,designer|board
n845,Frank,Sports_3,44,true,2014-01-13,founder
n846,Grace,Sports_3,49,true,2003-08-16,board|founder
n847,Heidi,Sports_3,29,false,2022-12-06,advisor
n848,Alice,Sports_3,21,true,2015-10-07,board|engineer
n849,Bob,Sports_3,67,true,2010-10-16,board|board
n850,Carol,Sports_3,67,true,2002-12-26,board|alumnus
n851,Dave,Sports_3,55,true,2004-06-28,engineer
n852,Eve,Sports_3,66,false,2019-01-22,alumnus|board
n853,Frank,Sports_3,52,false,2014-09-21,board
n854,Grace,Sports_3,38,true,2017-08-03,advisor
n855,Heidi,Sports_3,48,true,2019-02-02,alumnus|alumnus
n856,Alice,Sports_3,61,true,2022-12-15,advisor
n857,Bob,Sports_3,29,false,2010-06-21,advisor|board
n858,Carol,Sports_3,51,false,2006-03-10,advisor|board|board
n859,Dave,Sports_3,35,true,2015-09-01,founder
n860,Eve,Sports_3,62,true,2024-11-22,advisor|founder|advisor
n861,Frank,Sports_3,74,true,2024-01-22,advisor|alumnus|designer
n862,Grace,Sports_3,67,true,2020-02-15,engineer|alumnus
n863,Heidi,Sports_3,20,true,2023-02-01,engineer|board|engineer
n864,Alice,Sports_3,66,false,2003-01-12,engineer|board
n865,Bob,Sports_3,70,false,2018-10-27,designer|engineer|founder
n866,Carol,Sports_3,71,true,2018-02-23,alumnus|board|designer
n867,Dave,Sports_3,21,true,2022-01-04,founder|board|board
n868,Eve,Sports_3,61,true,2020-10-26,alumnus|founder
n869,Frank,Sports_3,34,true,2006-10-05,board|designer
n870,Grace,Sports_3,72,true,2009-02-04,founder|designer
n871,Heidi,Sports_3,27,true,2002-12-17,founder|board|founder
n872,Alice,Sports_3,34,true,2013-02-02,designer
n873,Bob,Sports_3,60,false,2022-09-26,founder
n874,Carol,Sports_3,21,true,2015-07-05,board|board
n875,Dave,Sports_3,77,false,2022-04-01,founder|founder
n876,Eve,Sports_3,64,true,2008-04-08,engineer|advisor
n877,Frank,Sports_3,19,true,2013-06-17,designer|board
n878,Grace,Sports_3,24,true,2008-03-23,advisor|designer|alumnus
n879,Heidi,Sports_3,54,false,2005-01-03,alumnus|advisor
n880,Alice,Sports_3,57,true,2012-12-01,designer|founder
n881,Bob,Sports_3,38,true,2010-11-26,founder|board|alumnus
n882,Carol,Sports_3,51,false,2012-05-17,engineer
n883,Dave,Sports_3,31,true,2007-06-24,board|alumnus|board
n884,Eve,Sports_3,33,true,2010-02-10,alumnus
n885,Frank,Sports_3,77,true,2002-04-01,engineer|designer
n886,Grace,Sports_3,32,false,2021-08-11,engineer|advisor
n887,Heidi,Sports_3,30,true,2019-09-26,engineer
n888,Alice,Sports_3,27,false,2005-07-26,alumnus|engineer|board
n889,Bob,Sports_3,40,false,2004-05-18,advisor|founder
n890,Carol,Sports_3,66,true,2023-03-11,engineer|founder|advisor
n891,Dave,Sports_3,72,false,2001-12-05,alumnus|alumnus
n892,Eve,Sports_3,35,true,2007-03-28,engineer|engineer
n893,Frank,Sports_3,51,false,2006-09-27,advisor
n894,Grace,Sports_3,71,false,2001-07-09,founder|alumnus
n895,Heidi,Sports_3,44,true,2015-02-24,alumnus|designer
n896,Alice,Sports_3,56,true,2011-11-26,founder|founder
n897,Bob,Sports_3,68,true,2004-11-21,founder
n898,Carol,Sports_3,52,true,2018-03-24,alumnus
n899,Dave,Sports_3,72,true,2000-06-18,advisor|engineer|founder
n900,Eve,Sports_3,60,true,2024-04-28,advisor
n901,Frank,Sports_3,21,true,2019-12-16,founder|board|advisor
n902,Grace,Sports_3,42,false,2019-06-18,designer
n903,Heidi,Sports_3,43,false,2004-02-18,advisor
n904,Alice,Sports_3,39,true,2008-04-10,board|alumnus|advisor
n905,Bob,Sports_3,74,false,2012-07-20,engineer
n906,Carol,Sports_3,54,true,2009-01-05,alumnus|alumnus
n907,Dave,Sports_3,28,true,2017-04-11,engineer|board
n908,Eve,Sports_3,44,false,2020-08-14,alumnus|advisor
n909,Frank,Sports_3,30,true,2004-08-27,advisor|engineer
n910,Grace,Sports_3,22,true,2017-09-15,board|alumnus
n911,Heidi,Sports_3,26,true,2023-03-26,advisor|founder
n912,Alice,Sports_3,38,false,2012-08-11,alumnus
n913,Bob,Sports_3,20,true,2021-09-20,designer
n914,Carol,Sports_3,74,true,2014-07-20,advisor|designer
n915,Dave,Sports_3,72,true,2020-12-26,founder|engineer|board
n916,Eve,Sports_3,48,true,2024-07-23,designer
n917,Frank,Sports_3,20,true,2018-09-14,engineer
n918,Grace,Sports_3,46,true,2015-01-24,board
n919,Heidi,Sports_3,47,true,2005-01-12,engineer|founder|alumnus
n920,Alice,Sports_3,52,true,2009-05-20,board
n921,Bob,Sports_3,26,true,2014-07-09,founder|board|founder
n922,Carol,Sports_3,69,true,2015-07-16,designer|board|engineer
n923,Dave,Sports_3,61,true,2016-08-22,founder
n924,Eve,Sports_3,32,true,2017-04-10,designer|alumnus
n925,Frank,Sports_3,67,true,2001-03-19,founder
n926,Grace,Sports_3,56,true,2024-08-27,engineer|board
n927,Heidi,Sports_3,28,true,2010-06-03,alumnus|designer|advisor
n928,Alice,Sports_3,54,true,2016-07-23,advisor|advisor
n929,Bob,Sports_3,19,true,2005-04-02,engineer
n930,Carol,Sports_3,34,true,2005-02-03,alumnus
n931,Dave,Sports_3,61,true,2021-02-05,founder
n932,Eve,Sports_3,41,true,2005-11-10,board
n933,Frank,Sports_3,61,true,2012-11-28,board
n934,Grace,Sports_3,44,true,2008-03-25,engineer|founder
n935,Heidi,Sports_3,67,true,2002-07-21,board
n936,Alice,Sports_3,46,true,2002-12-26,alumnus
n937,Bob,Sports_3,51,false,2005-08-28,board
n938,Carol,Sports_3,53,false,2015-10-19,founder|founder|advisor
n939,Dave,Sports_3,65,false,2021-07-18,board|advisor|engineer
n940,Eve,Sports_3,44,true,2024-08-04,engineer
n941,Frank,Science_4,31,false,2019-04-10,board
n942,Grace,Science_4,63,false,2016-07-01,engineer|founder|board
n943,Heidi,Science_4,37,true,2017-07-24,founder|designer|board
n944,Alice,Science_4,34,true,2017-08-25,advisor|engineer
n945,Bob,Science_4,53,true,2009-04-06,founder|alumnus
n946,Carol,Science_4,39,true,2017-11-20,alumnus|advisor|board
n947,Dave,Science_4,62,false,2015-04-05,advisor
n948,Eve,Science_4,76,false,2002-11-10,alumnus|alumnus
n949,Frank,Science_4,23,true,2014-06-02,engineer
n950,Grace,Science_4,75,true,2001-05-19,advisor|alumnus
n951,Heidi,Science_4,54,false,2018-04-06,founder|engineer|advisor
n952,Alice,Science_4,48,true,2013-09-02,engineer|board|designer
n953,Bob,Science_4,37,false,2024-02-01,advisor
n954,Carol,Science_4,29,true,2009-09-04,designer|board|founder
n955,Dave,Science_4,48,true,2011-05-25,advisor|advisor|designer
n956,Eve,Science_4,25,true,2024-02-22,board|advisor|designer
n957,Frank,Science_4,68,true,2006-09-17,founder|founder|advisor
n958,Grace,Science_4,71,true,2021-08-16,engineer
n959,Heidi,Science_4,76,true,2017-02-06,founder|alumnus
n960,Alice,Science_4,50,false,2021-07-04,board
n961,Bob,Science_4,20,true,2020-05-25,alumnus
n962,Carol,Science_4,45,true,2012-07-01,advisor|engineer
n963,Dave,Science_4,19,false,2009-06-20,designer
n964,Eve,Science_4,31,true,2010-08-01,engineer|advisor
n965,Frank,Science_4,34,false,2016-01-11,designer|designer
n966,Grace,Science_4,20,true,2022-01-22,engineer|founder|alumnus
n967,Heidi,Science_4,59,true,2016-02-08,founder
n968,Alice,Science_4,60,true,2013-09-26,board|founder
n969,Bob,Science_4,76,true,2024-01-25,engineer|board|founder
n970,Carol,Science_4,32,true,2020-07-03,alumnus|advisor|advisor
n971,Dave,Science_4,56,true,2000-05-26,advisor
n972,Eve,Science_4,40,true,2023-05-03,board|designer
n973,Frank,Science_4,53,false,2007-08-12,engineer|engineer|designer
n974,Grace,Science_4,40,true,2005-05-19,alumnus|advisor
n975,Heidi,Science_4,31,true,2002-07-23,board|alumnus|engineer
n976,Alice,Science_4,46,false,2003-02-09,alumnus|designer
n977,Bob,Science_4,25,true,2003-08-05,alumnus|advisor
n978,Carol,Science_4,60,true,2000-01-13,founder
n979,Dave,Science_4,41,false,2018-05-21,board|board|designer
n980,Eve,Science_4,48,true,2006-04-28,founder|advisor
n981,Frank,Science_4,56,true,2005-04-20,advisor|founder|alumnus
n982,Grace,Science_4,18,true,2018-01-21,designer|advisor|engineer
n983,Heidi,Science_4,19,false,2009-05-24,board
n984,Alice,Science_4,20,true,2024-05-11,advisor|advisor
n985,Bob,Science_4,73,false,2013-12-13,alumnus|advisor|founder
n986,Carol,Science_4,40,true,2013-07-25,board
n987,Dave,Science_4,70,false,2019-04-12,alumnus|engineer
n988,Eve,Science_4,69,true,2007-11-01,designer|advisor|engineer
n989,Frank,Science_4,69,false,2003-01-10,advisor|advisor|founder
n990,Grace,Science_4,45,true,2009-09-11,engineer|advisor|engineer
n991,Heidi,Science_4,71,true,2018-08-09,board|designer|alumnus
n992,Alice,Science_4,64,true,2005-02-27,designer|advisor|board
n993,Bob,Science_4,26,false,2010-12-22,designer|founder
n994,Carol,Science_4,45,true,2017-02-02,advisor|designer|designer
n995,Dave,Science_4,63,true,2010-12-27,advisor|alumnus|board
n996,Eve,Science_4,34,true,2014-09-01,board
n997,Frank,Science_4,24,true,2019-07-26,alumnus
n998,Grace,Science_4,77,true,2004-05-13,designer
n999,Heidi,Science_4,52,false,2015-07-23,alumnus|designer
